date,home_team,away_team,home_score,away_score,home_odds,away_odds
2024-06-18,Boston Celtics,Dallas Mavericks,,106,1.32,2.93
2024-06-15,Dallas Mavericks,Boston Celtics,,122,1.87,1.76
2024-06-13,Dallas Mavericks,Boston Celtics,99,106,1.60,2.09
2024-06-10,Boston Celtics,Dallas Mavericks,,105,1.31,2.88
2024-06-07,Boston Celtics,Dallas Mavericks,,107,1.48,2.25
2024-05-31,Minnesota Timberwolves,Dallas Mavericks,103,124,1.43,2.41
2024-05-29,Dallas Mavericks,Minnesota Timberwolves,100,105,1.71,1.89
2024-05-28,Indiana Pacers,Boston Celtics,102,105,3.00,1.28
2024-05-27,Dallas Mavericks,Minnesota Timberwolves,,116,1.76,1.87
2024-05-26,Indiana Pacers,Boston Celtics,111,114,2.88,1.30
2024-05-25,Minnesota Timberwolves,Dallas Mavericks,108,109,1.34,2.70
2024-05-24,Boston Celtics,Indiana Pacers,,126,1.40,2.59
2024-05-23,Minnesota Timberwolves,Dallas Mavericks,105,108,1.46,2.30
2024-05-22,Boston Celtics,Indiana Pacers,,133,1.20,3.88
2024-05-20,Denver Nuggets,Minnesota Timberwolves,90,98,1.46,2.39
2024-05-19,New York Knicks,Indiana Pacers,109,130,1.60,2.11
2024-05-19,Dallas Mavericks,Oklahoma City Thunder,,117,1.52,2.26
2024-05-18,Indiana Pacers,New York Knicks,,116,1.42,2.52
2024-05-17,Minnesota Timberwolves,Denver Nuggets,,115,1.70,1.94
2024-05-16,Oklahoma City Thunder,Dallas Mavericks,92,104,1.47,2.34
2024-05-16,Boston Celtics,Cleveland Cavaliers,,113,1.05,7.20
2024-05-15,Denver Nuggets,Minnesota Timberwolves,,112,1.47,2.37
2024-05-15,New York Knicks,Indiana Pacers,,121,1.76,1.90
2024-05-14,Dallas Mavericks,Oklahoma City Thunder,96,100,1.73,1.90
2024-05-14,Cleveland Cavaliers,Boston Celtics,102,109,4.98,1.11
2024-05-13,Minnesota Timberwolves,Denver Nuggets,107,115,1.52,2.28
2024-05-12,Indiana Pacers,New York Knicks,,121,1.38,2.65
2024-05-12,Cleveland Cavaliers,Boston Celtics,93,106,3.12,1.28
2024-05-11,Dallas Mavericks,Oklahoma City Thunder,,105,1.69,1.97
2024-05-11,Minnesota Timberwolves,Denver Nuggets,90,117,1.55,2.20
2024-05-11,Indiana Pacers,New York Knicks,,111,1.30,3.01
2024-05-10,Oklahoma City Thunder,Dallas Mavericks,110,119,1.47,2.43
2024-05-10,Boston Celtics,Cleveland Cavaliers,94,118,1.10,5.17
2024-05-09,New York Knicks,Indiana Pacers,,130,1.49,2.27
2024-05-08,Oklahoma City Thunder,Dallas Mavericks,,117,1.47,2.36
2024-05-08,Boston Celtics,Cleveland Cavaliers,,120,1.11,5.30
2024-05-07,Denver Nuggets,Minnesota Timberwolves,80,106,1.30,3.04
2024-05-07,New York Knicks,Indiana Pacers,,121,1.41,2.61
2024-05-05,Cleveland Cavaliers,Orlando Magic,,106,1.57,2.15
2024-05-05,Denver Nuggets,Minnesota Timberwolves,99,106,1.48,2.35
2024-05-04,Dallas Mavericks,Los Angeles Clippers,,114,1.23,3.42
2024-05-04,Orlando Magic,Cleveland Cavaliers,,103,1.47,2.36
2024-05-03,Philadelphia 76ers,New York Knicks,115,118,1.60,2.12
2024-05-03,Indiana Pacers,Milwaukee Bucks,,120,1.38,2.66
2024-05-02,Los Angeles Clippers,Dallas Mavericks,93,123,2.07,1.62
2024-05-02,Boston Celtics,Miami Heat,,118,1.07,5.88
2024-05-01,Milwaukee Bucks,Indiana Pacers,,115,2.44,1.42
2024-05-01,Cleveland Cavaliers,Orlando Magic,,104,1.45,2.35
2024-05-01,New York Knicks,Philadelphia 76ers,106,112,1.50,2.23
2024-04-30,Denver Nuggets,Los Angeles Lakers,,108,1.34,2.73
2024-04-30,New Orleans Pelicans,Oklahoma City Thunder,89,97,2.42,1.43
2024-04-30,Miami Heat,Boston Celtics,88,102,4.22,1.14
2024-04-29,Phoenix Suns,Minnesota Timberwolves,116,122,1.75,1.83
2024-04-29,Indiana Pacers,Milwaukee Bucks,,126,1.18,3.71
2024-04-28,Dallas Mavericks,Los Angeles Clippers,111,116,1.31,2.90
2024-04-28,Philadelphia 76ers,New York Knicks,92,97,1.41,2.51
2024-04-28,Los Angeles Lakers,Denver Nuggets,,119,2.20,1.56
2024-04-28,Miami Heat,Boston Celtics,84,104,3.91,1.17
2024-04-27,New Orleans Pelicans,Oklahoma City Thunder,85,106,1.88,1.73
2024-04-27,Orlando Magic,Cleveland Cavaliers,,112,1.65,2.04
2024-04-27,Phoenix Suns,Minnesota Timberwolves,109,126,1.38,2.69
2024-04-27,Dallas Mavericks,Los Angeles Clippers,,101,1.47,2.37
2024-04-26,Indiana Pacers,Milwaukee Bucks,,121,1.35,2.80
2024-04-26,Los Angeles Lakers,Denver Nuggets,105,112,1.75,1.89
2024-04-26,Philadelphia 76ers,New York Knicks,76,125,1.40,2.60
2024-04-26,Orlando Magic,Cleveland Cavaliers,,121,1.61,2.08
2024-04-25,Oklahoma City Thunder,New Orleans Pelicans,,124,1.29,3.03
2024-04-25,Boston Celtics,Miami Heat,101,111,1.07,6.05
2024-04-24,Los Angeles Clippers,Dallas Mavericks,93,96,1.74,1.88
2024-04-24,Milwaukee Bucks,Indiana Pacers,108,125,1.75,1.86
2024-04-24,Minnesota Timberwolves,Phoenix Suns,,105,1.60,2.07
2024-04-23,Denver Nuggets,Los Angeles Lakers,,101,1.30,2.95
2024-04-23,New York Knicks,Philadelphia 76ers,,104,1.48,2.33
2024-04-23,Cleveland Cavaliers,Orlando Magic,,96,1.41,2.53
2024-04-22,Oklahoma City Thunder,New Orleans Pelicans,,94,1.22,3.57
2024-04-22,Milwaukee Bucks,Indiana Pacers,,109,1.86,1.78
2024-04-21,Los Angeles Clippers,Dallas Mavericks,,109,2.25,1.52
2024-04-21,Boston Celtics,Miami Heat,,114,1.07,6.07
2024-04-21,Denver Nuggets,Los Angeles Lakers,,114,1.33,2.89
2024-04-21,New York Knicks,Philadelphia 76ers,,111,1.49,2.33
2024-04-20,Minnesota Timberwolves,Phoenix Suns,,120,1.67,1.99
2024-04-20,Cleveland Cavaliers,Orlando Magic,,97,1.40,2.58
2024-04-20,New Orleans Pelicans,Sacramento Kings,,105,1.78,1.85
2024-04-20,Miami Heat,Chicago Bulls,,112,1.66,2.00
2024-04-18,Chicago Bulls,Atlanta Hawks,,131,1.58,2.14
2024-04-18,Philadelphia 76ers,Miami Heat,76,105,1.41,2.55
2024-04-17,Sacramento Kings,Golden State Warriors,,118,2.08,1.60
2024-04-17,New Orleans Pelicans,Los Angeles Lakers,106,110,1.77,1.84
2024-04-14,Golden State Warriors,Utah Jazz,,123,1.15,4.18
2024-04-14,Los Angeles Clippers,Houston Rockets,105,116,2.28,1.49
2024-04-14,Memphis Grizzlies,Denver Nuggets,111,126,5.45,1.07
2024-04-14,Minnesota Timberwolves,Phoenix Suns,106,125,1.66,1.96
2024-04-14,New Orleans Pelicans,Los Angeles Lakers,108,124,1.70,1.91
2024-04-14,Oklahoma City Thunder,Dallas Mavericks,,135,1.02,7.63
2024-04-14,Sacramento Kings,Portland Trail Blazers,,121,1.03,7.18
2024-04-14,San Antonio Spurs,Detroit Pistons,,123,1.44,2.41
2024-04-14,Boston Celtics,Washington Wizards,,132,1.18,3.82
2024-04-14,Cleveland Cavaliers,Charlotte Hornets,110,120,1.07,5.68
2024-04-14,Indiana Pacers,Atlanta Hawks,,157,1.07,5.72
2024-04-14,New York Knicks,Chicago Bulls,,120,1.09,5.08
2024-04-14,Miami Heat,Toronto Raptors,,118,1.03,6.83
2024-04-14,Orlando Magic,Milwaukee Bucks,,113,1.38,2.60
2024-04-14,Philadelphia 76ers,Brooklyn Nets,76,107,1.09,5.13
2024-04-13,Los Angeles Clippers,Utah Jazz,109,110,1.05,6.67
2024-04-13,Sacramento Kings,Phoenix Suns,107,108,2.36,1.46
2024-04-13,Golden State Warriors,New Orleans Pelicans,109,114,1.48,2.34
2024-04-13,Portland Trail Blazers,Houston Rockets,107,116,2.63,1.38
2024-04-13,Dallas Mavericks,Detroit Pistons,89,107,1.12,4.62
2024-04-13,Memphis Grizzlies,Los Angeles Lakers,120,123,6.33,1.06
2024-04-13,Miami Heat,Toronto Raptors,,125,1.07,5.82
2024-04-13,Minnesota Timberwolves,Atlanta Hawks,,109,1.10,5.05
2024-04-13,Oklahoma City Thunder,Milwaukee Bucks,,125,1.08,5.50
2024-04-13,San Antonio Spurs,Denver Nuggets,,121,4.57,1.12
2024-04-13,Boston Celtics,Charlotte Hornets,,131,1.32,2.87
2024-04-13,Cleveland Cavaliers,Indiana Pacers,,129,1.62,2.06
2024-04-13,New York Knicks,Brooklyn Nets,,111,1.12,4.70
2024-04-13,Philadelphia 76ers,Orlando Magic,76,125,1.35,2.66
2024-04-13,Washington Wizards,Chicago Bulls,127,129,1.70,1.94
2024-04-12,Portland Trail Blazers,Golden State Warriors,92,100,5.58,1.07
2024-04-12,Sacramento Kings,New Orleans Pelicans,123,135,1.71,1.88
2024-04-12,Utah Jazz,Houston Rockets,,124,4.37,1.14
2024-04-12,Boston Celtics,New York Knicks,109,118,1.58,2.10
2024-04-12,Detroit Pistons,Chicago Bulls,105,127,4.35,1.13
2024-04-11,Los Angeles Clippers,Phoenix Suns,108,124,4.37,1.14
2024-04-11,Denver Nuggets,Minnesota Timberwolves,,116,1.29,3.03
2024-04-11,Milwaukee Bucks,Orlando Magic,,117,1.96,1.67
2024-04-11,Oklahoma City Thunder,San Antonio Spurs,,127,1.04,7.03
2024-04-11,Atlanta Hawks,Charlotte Hornets,114,115,1.19,3.77
2024-04-11,Brooklyn Nets,Toronto Raptors,,106,1.11,4.76
2024-04-11,Miami Heat,Dallas Mavericks,92,111,2.00,1.63
2024-04-11,Cleveland Cavaliers,Memphis Grizzlies,,110,1.02,7.47
2024-04-10,Los Angeles Lakers,Golden State Warriors,120,134,1.97,1.67
2024-04-10,Phoenix Suns,Los Angeles Clippers,92,105,1.21,3.67
2024-04-10,Portland Trail Blazers,New Orleans Pelicans,100,110,5.95,1.07
2024-04-10,Utah Jazz,Denver Nuggets,95,111,7.13,1.04
2024-04-10,Chicago Bulls,New York Knicks,117,128,2.43,1.45
2024-04-10,Houston Rockets,Orlando Magic,,118,2.02,1.64
2024-04-10,Memphis Grizzlies,San Antonio Spurs,87,102,2.55,1.40
2024-04-10,Minnesota Timberwolves,Washington Wizards,,130,1.03,7.88
2024-04-10,Oklahoma City Thunder,Sacramento Kings,,112,1.42,2.51
2024-04-10,Atlanta Hawks,Miami Heat,111,117,2.16,1.56
2024-04-10,Milwaukee Bucks,Boston Celtics,,104,1.54,2.19
2024-04-10,Charlotte Hornets,Dallas Mavericks,104,130,5.23,1.10
2024-04-10,Philadelphia 76ers,Detroit Pistons,76,120,1.04,6.53
2024-04-10,Toronto Raptors,Indiana Pacers,123,140,5.80,1.08
2024-04-08,Los Angeles Lakers,Minnesota Timberwolves,117,127,1.99,1.66
2024-04-08,Golden State Warriors,Utah Jazz,,118,1.10,4.97
2024-04-08,Brooklyn Nets,Sacramento Kings,77,107,4.12,1.15
2024-04-08,Milwaukee Bucks,New York Knicks,109,122,1.47,2.29
2024-04-08,San Antonio Spurs,Philadelphia 76ers,126,133,2.28,1.48
2024-04-08,Boston Celtics,Portland Trail Blazers,,124,1.03,6.77
2024-04-08,Charlotte Hornets,Oklahoma City Thunder,118,121,3.15,1.27
2024-04-08,Orlando Magic,Chicago Bulls,,113,1.30,2.98
2024-04-08,Phoenix Suns,New Orleans Pelicans,105,113,1.39,2.59
2024-04-08,Toronto Raptors,Washington Wizards,,130,1.44,2.38
2024-04-07,Indiana Pacers,Miami Heat,,117,1.60,2.05
2024-04-07,Dallas Mavericks,Houston Rockets,,147,1.20,3.73
2024-04-07,Los Angeles Clippers,Cleveland Cavaliers,,120,1.49,2.25
2024-04-07,Denver Nuggets,Atlanta Hawks,,142,1.13,4.35
2024-04-07,Memphis Grizzlies,Philadelphia 76ers,96,116,6.17,1.05
2024-04-07,Brooklyn Nets,Detroit Pistons,,113,1.16,3.92
2024-04-06,Los Angeles Lakers,Cleveland Cavaliers,,116,1.42,2.42
2024-04-06,Los Angeles Clippers,Utah Jazz,,131,1.09,5.22
2024-04-06,Phoenix Suns,Minnesota Timberwolves,,97,1.46,2.35
2024-04-06,Dallas Mavericks,Golden State Warriors,,108,1.79,1.81
2024-04-06,Chicago Bulls,New York Knicks,,108,1.86,1.75
2024-04-06,Houston Rockets,Miami Heat,104,119,2.19,1.54
2024-04-06,Memphis Grizzlies,Detroit Pistons,,108,1.76,1.84
2024-04-06,Milwaukee Bucks,Toronto Raptors,111,117,1.08,5.58
2024-04-06,New Orleans Pelicans,San Antonio Spurs,109,111,1.10,4.97
2024-04-06,Boston Celtics,Sacramento Kings,,101,1.20,3.66
2024-04-06,Charlotte Hornets,Orlando Magic,,124,5.00,1.10
2024-04-06,Indiana Pacers,Oklahoma City Thunder,,126,1.34,2.77
2024-04-06,Washington Wizards,Portland Trail Blazers,102,108,1.63,2.02
2024-04-05,Los Angeles Clippers,Denver Nuggets,,102,2.11,1.58
2024-04-05,Houston Rockets,Golden State Warriors,110,133,2.11,1.58
2024-04-05,Dallas Mavericks,Atlanta Hawks,,109,1.11,4.87
2024-04-05,Miami Heat,Philadelphia 76ers,105,109,1.59,2.09
2024-04-05,New York Knicks,Sacramento Kings,,120,1.54,2.19
2024-04-04,Phoenix Suns,Cleveland Cavaliers,,122,1.37,2.66
2024-04-04,Milwaukee Bucks,Memphis Grizzlies,101,111,1.09,5.43
2024-04-04,Minnesota Timberwolves,Toronto Raptors,,133,1.03,7.32
2024-04-04,New Orleans Pelicans,Orlando Magic,108,117,1.44,2.43
2024-04-04,Atlanta Hawks,Detroit Pistons,,121,1.11,4.83
2024-04-04,Boston Celtics,Oklahoma City Thunder,,135,1.10,5.17
2024-04-04,Brooklyn Nets,Indiana Pacers,,115,2.88,1.31
2024-04-04,Charlotte Hornets,Portland Trail Blazers,86,89,1.72,1.90
2024-04-04,Washington Wizards,Los Angeles Lakers,120,125,5.60,1.08
2024-04-03,Golden State Warriors,Dallas Mavericks,,104,1.80,1.81
2024-04-03,Sacramento Kings,Los Angeles Clippers,,109,1.61,2.05
2024-04-03,Denver Nuggets,San Antonio Spurs,,110,1.05,6.75
2024-04-03,Utah Jazz,Cleveland Cavaliers,113,129,3.90,1.18
2024-04-03,Minnesota Timberwolves,Houston Rockets,,113,1.29,3.02
2024-04-03,Miami Heat,New York Knicks,,109,1.63,2.01
2024-04-03,Philadelphia 76ers,Oklahoma City Thunder,76,109,1.60,2.07
2024-04-03,Toronto Raptors,Los Angeles Lakers,111,128,5.80,1.07
2024-04-03,Washington Wizards,Milwaukee Bucks,,117,5.98,1.07
2024-04-02,Chicago Bulls,Atlanta Hawks,101,113,1.66,1.97
2024-04-02,New Orleans Pelicans,Phoenix Suns,111,124,1.71,1.90
2024-04-02,Charlotte Hornets,Boston Celtics,104,118,7.72,1.02
2024-04-02,Detroit Pistons,Memphis Grizzlies,108,110,1.61,2.05
2024-04-02,Indiana Pacers,Brooklyn Nets,,133,1.10,5.00
2024-04-02,Orlando Magic,Portland Trail Blazers,,104,1.03,7.23
2024-04-01,Sacramento Kings,Utah Jazz,,127,1.08,5.62
2024-04-01,Houston Rockets,Dallas Mavericks,107,125,2.21,1.53
2024-04-01,Minnesota Timberwolves,Chicago Bulls,101,109,1.21,3.63
2024-04-01,New York Knicks,Oklahoma City Thunder,112,113,1.93,1.69
2024-04-01,San Antonio Spurs,Golden State Warriors,113,117,4.02,1.17
2024-04-01,Brooklyn Nets,Los Angeles Lakers,104,116,2.82,1.33
2024-04-01,Charlotte Hornets,Los Angeles Clippers,118,130,6.30,1.06
2024-04-01,Toronto Raptors,Philadelphia 76ers,120,135,3.76,1.19
2024-04-01,Washington Wizards,Miami Heat,107,119,4.68,1.12
2024-03-31,Denver Nuggets,Cleveland Cavaliers,,130,1.46,2.36
2024-03-31,Atlanta Hawks,Milwaukee Bucks,113,122,2.41,1.43
2024-03-31,Orlando Magic,Memphis Grizzlies,,118,1.09,5.27
2024-03-30,New Orleans Pelicans,Boston Celtics,92,104,2.66,1.38
2024-03-30,Sacramento Kings,Dallas Mavericks,103,107,1.82,1.77
2024-03-30,Utah Jazz,Houston Rockets,100,101,3.25,1.24
2024-03-30,Denver Nuggets,Minnesota Timberwolves,98,111,1.59,2.07
2024-03-30,Miami Heat,Portland Trail Blazers,,142,1.06,5.88
2024-03-30,Oklahoma City Thunder,Phoenix Suns,,128,1.93,1.68
2024-03-30,San Antonio Spurs,New York Knicks,,130,3.30,1.23
2024-03-30,Brooklyn Nets,Chicago Bulls,,125,2.08,1.59
2024-03-30,Cleveland Cavaliers,Philadelphia 76ers,,117,1.31,2.87
2024-03-30,Charlotte Hornets,Golden State Warriors,97,115,5.10,1.09
2024-03-30,Indiana Pacers,Los Angeles Lakers,,109,1.52,2.19
2024-03-30,Orlando Magic,Los Angeles Clippers,97,100,1.90,1.71
2024-03-30,Washington Wizards,Detroit Pistons,87,96,1.55,2.13
2024-03-29,New Orleans Pelicans,Milwaukee Bucks,,107,1.98,1.67
2024-03-29,Atlanta Hawks,Boston Celtics,,123,6.37,1.06
2024-03-28,Denver Nuggets,Phoenix Suns,97,104,1.38,2.64
2024-03-28,Utah Jazz,San Antonio Spurs,111,118,1.53,2.23
2024-03-28,Chicago Bulls,Indiana Pacers,,125,2.12,1.59
2024-03-28,Memphis Grizzlies,Los Angeles Lakers,124,136,2.31,1.49
2024-03-28,Minnesota Timberwolves,Detroit Pistons,,106,1.03,7.45
2024-03-28,Oklahoma City Thunder,Houston Rockets,126,132,1.46,2.38
2024-03-28,Atlanta Hawks,Portland Trail Blazers,,120,1.12,4.75
2024-03-28,Philadelphia 76ers,Los Angeles Clippers,107,108,2.78,1.35
2024-03-28,Toronto Raptors,New York Knicks,101,145,5.92,1.07
2024-03-28,Charlotte Hornets,Cleveland Cavaliers,,118,3.93,1.18
2024-03-28,Orlando Magic,Golden State Warriors,93,101,1.52,2.25
2024-03-28,Washington Wizards,Brooklyn Nets,119,122,2.23,1.54
2024-03-27,Sacramento Kings,Dallas Mavericks,96,132,1.79,1.84
2024-03-27,New Orleans Pelicans,Oklahoma City Thunder,112,119,1.86,1.76
2024-03-27,Miami Heat,Golden State Warriors,92,113,2.51,1.42
2024-03-27,Milwaukee Bucks,Los Angeles Lakers,124,128,1.19,3.83
2024-03-26,Los Angeles Clippers,Indiana Pacers,116,133,1.36,2.72
2024-03-26,Sacramento Kings,Philadelphia 76ers,,108,1.29,3.02
2024-03-26,Denver Nuggets,Memphis Grizzlies,,128,1.07,5.90
2024-03-26,Utah Jazz,Dallas Mavericks,105,115,3.25,1.26
2024-03-26,Chicago Bulls,Washington Wizards,105,107,1.09,5.37
2024-03-26,Houston Rockets,Portland Trail Blazers,,110,1.06,6.33
2024-03-26,San Antonio Spurs,Phoenix Suns,,104,4.85,1.12
2024-03-26,Atlanta Hawks,Boston Celtics,,120,4.45,1.14
2024-03-26,New York Knicks,Detroit Pistons,,124,1.03,7.58
2024-03-26,Toronto Raptors,Brooklyn Nets,88,96,2.81,1.34
2024-03-26,Cleveland Cavaliers,Charlotte Hornets,,115,1.13,4.57
2024-03-25,Los Angeles Lakers,Indiana Pacers,,150,1.65,2.01
2024-03-25,Milwaukee Bucks,Oklahoma City Thunder,,118,1.63,2.04
2024-03-25,Minnesota Timberwolves,Golden State Warriors,,114,1.63,2.04
2024-03-24,Miami Heat,Cleveland Cavaliers,,121,1.53,2.21
2024-03-24,Los Angeles Clippers,Philadelphia 76ers,107,121,1.20,3.70
2024-03-24,Detroit Pistons,New Orleans Pelicans,101,114,6.75,1.05
2024-03-24,Portland Trail Blazers,Denver Nuggets,111,114,4.08,1.16
2024-03-24,Chicago Bulls,Boston Celtics,113,124,2.58,1.39
2024-03-24,Houston Rockets,Utah Jazz,,147,1.16,4.10
2024-03-24,San Antonio Spurs,Phoenix Suns,106,131,4.12,1.17
2024-03-24,Washington Wizards,Toronto Raptors,,112,1.38,2.64
2024-03-24,Atlanta Hawks,Charlotte Hornets,,132,1.29,3.02
2024-03-24,Orlando Magic,Sacramento Kings,107,109,1.61,2.09
2024-03-23,New York Knicks,Brooklyn Nets,,105,1.30,3.05
2024-03-23,Los Angeles Lakers,Philadelphia 76ers,,101,1.27,3.17
2024-03-23,Golden State Warriors,Indiana Pacers,111,123,1.46,2.37
2024-03-23,Portland Trail Blazers,Los Angeles Clippers,117,125,6.48,1.06
2024-03-23,Miami Heat,New Orleans Pelicans,88,111,1.61,2.07
2024-03-23,Minnesota Timberwolves,Cleveland Cavaliers,,104,1.29,3.03
2024-03-23,San Antonio Spurs,Memphis Grizzlies,97,99,1.34,2.80
2024-03-23,Detroit Pistons,Boston Celtics,102,129,5.58,1.09
2024-03-23,Toronto Raptors,Oklahoma City Thunder,103,123,7.15,1.04
2024-03-22,Phoenix Suns,Atlanta Hawks,,128,1.20,3.63
2024-03-22,Denver Nuggets,New York Knicks,,113,1.21,3.56
2024-03-22,Dallas Mavericks,Utah Jazz,,113,1.06,6.10
2024-03-22,Houston Rockets,Chicago Bulls,,127,1.54,2.16
2024-03-22,Milwaukee Bucks,Brooklyn Nets,,115,1.15,4.07
2024-03-22,Orlando Magic,New Orleans Pelicans,,121,2.02,1.63
2024-03-22,Washington Wizards,Sacramento Kings,,109,4.38,1.13
2024-03-21,Golden State Warriors,Memphis Grizzlies,,137,1.13,4.55
2024-03-21,Phoenix Suns,Philadelphia 76ers,,115,1.17,3.97
2024-03-21,Portland Trail Blazers,Los Angeles Clippers,103,116,4.52,1.13
2024-03-21,Oklahoma City Thunder,Utah Jazz,,119,1.05,6.80
2024-03-21,Boston Celtics,Milwaukee Bucks,,122,1.15,4.30
2024-03-21,Toronto Raptors,Sacramento Kings,89,123,4.65,1.12
2024-03-21,Cleveland Cavaliers,Miami Heat,104,107,1.63,2.04
2024-03-21,Detroit Pistons,Indiana Pacers,103,122,4.68,1.12
2024-03-20,Minnesota Timberwolves,Denver Nuggets,112,115,3.00,1.30
2024-03-20,San Antonio Spurs,Dallas Mavericks,107,113,3.46,1.23
2024-03-20,Brooklyn Nets,New Orleans Pelicans,91,104,2.93,1.31
2024-03-20,Orlando Magic,Charlotte Hornets,,112,1.09,5.50
2024-03-20,Washington Wizards,Houston Rockets,114,137,4.08,1.16
2024-03-19,Los Angeles Lakers,Atlanta Hawks,,136,1.18,3.83
2024-03-19,Golden State Warriors,New York Knicks,112,119,1.35,2.75
2024-03-19,Sacramento Kings,Memphis Grizzlies,,121,1.13,4.55
2024-03-19,Utah Jazz,Minnesota Timberwolves,104,114,2.35,1.48
2024-03-19,Chicago Bulls,Portland Trail Blazers,,110,1.24,3.38
2024-03-19,Boston Celtics,Detroit Pistons,,119,1.04,6.82
2024-03-19,Philadelphia 76ers,Miami Heat,76,98,1.60,2.07
2024-03-19,Indiana Pacers,Cleveland Cavaliers,103,108,1.33,2.83
2024-03-18,Los Angeles Clippers,Atlanta Hawks,93,110,1.18,3.97
2024-03-18,San Antonio Spurs,Brooklyn Nets,,122,1.70,1.94
2024-03-17,Orlando Magic,Toronto Raptors,,111,1.13,4.72
2024-03-17,Washington Wizards,Boston Celtics,104,130,6.78,1.05
2024-03-17,Dallas Mavericks,Denver Nuggets,,107,1.87,1.76
2024-03-17,Detroit Pistons,Miami Heat,101,104,2.54,1.41
2024-03-17,Milwaukee Bucks,Phoenix Suns,,140,2.10,1.60
2024-03-17,Sacramento Kings,New York Knicks,91,98,1.59,2.12
2024-03-17,Utah Jazz,Minnesota Timberwolves,100,119,3.21,1.27
2024-03-17,Los Angeles Lakers,Golden State Warriors,121,128,1.71,1.93
2024-03-17,Chicago Bulls,Washington Wizards,,127,1.20,3.87
2024-03-17,Memphis Grizzlies,Oklahoma City Thunder,112,118,4.33,1.15
2024-03-17,Indiana Pacers,Brooklyn Nets,,121,1.27,3.28
2024-03-17,New Orleans Pelicans,Portland Trail Blazers,,126,1.09,5.77
2024-03-17,Philadelphia 76ers,Charlotte Hornets,76,109,1.18,4.10
2024-03-16,Houston Rockets,Cleveland Cavaliers,,117,2.48,1.45
2024-03-16,Utah Jazz,Atlanta Hawks,,124,1.89,1.72
2024-03-16,San Antonio Spurs,Denver Nuggets,106,117,4.27,1.14
2024-03-16,New Orleans Pelicans,Los Angeles Clippers,,112,1.34,2.77
2024-03-16,Toronto Raptors,Orlando Magic,103,113,3.10,1.28
2024-03-16,Charlotte Hornets,Phoenix Suns,96,107,4.33,1.14
2024-03-16,Detroit Pistons,Miami Heat,95,108,3.24,1.25
2024-03-15,Oklahoma City Thunder,Dallas Mavericks,,126,1.17,4.22
2024-03-15,Portland Trail Blazers,New York Knicks,93,105,5.13,1.12
2024-03-15,Chicago Bulls,Los Angeles Clippers,111,126,2.74,1.37
2024-03-15,Houston Rockets,Washington Wizards,,135,1.24,3.53
2024-03-15,Milwaukee Bucks,Philadelphia 76ers,,114,1.30,3.10
2024-03-15,Boston Celtics,Phoenix Suns,,127,1.38,2.72
2024-03-14,Portland Trail Blazers,Atlanta Hawks,,106,2.35,1.46
2024-03-14,Sacramento Kings,Los Angeles Lakers,,120,2.03,1.62
2024-03-14,Dallas Mavericks,Golden State Warriors,,109,1.24,3.33
2024-03-14,Memphis Grizzlies,Charlotte Hornets,98,110,2.05,1.61
2024-03-14,New Orleans Pelicans,Cleveland Cavaliers,95,116,1.41,2.51
2024-03-14,Indiana Pacers,Chicago Bulls,129,132,1.42,2.44
2024-03-14,Miami Heat,Denver Nuggets,88,100,2.19,1.55
2024-03-14,Detroit Pistons,Toronto Raptors,,113,1.56,2.17
2024-03-14,Orlando Magic,Brooklyn Nets,,114,1.36,2.69
2024-03-13,Los Angeles Clippers,Minnesota Timberwolves,100,118,1.37,2.70
2024-03-13,Sacramento Kings,Milwaukee Bucks,,129,1.72,1.92
2024-03-13,Utah Jazz,Boston Celtics,107,123,2.84,1.35
2024-03-13,San Antonio Spurs,Houston Rockets,101,103,2.12,1.61
2024-03-13,Memphis Grizzlies,Washington Wizards,,109,2.01,1.68
2024-03-13,Oklahoma City Thunder,Indiana Pacers,111,121,1.41,2.61
2024-03-13,New York Knicks,Philadelphia 76ers,,106,1.39,2.67
2024-03-12,Portland Trail Blazers,Boston Celtics,99,121,4.83,1.13
2024-03-12,Denver Nuggets,Toronto Raptors,,125,1.03,7.90
2024-03-12,Chicago Bulls,Dallas Mavericks,92,127,2.23,1.55
2024-03-12,San Antonio Spurs,Golden State Warriors,102,112,2.43,1.45
2024-03-12,Cleveland Cavaliers,Phoenix Suns,111,117,2.78,1.36
2024-03-12,Detroit Pistons,Charlotte Hornets,,114,1.45,2.47
2024-03-11,Los Angeles Lakers,Minnesota Timberwolves,,120,1.41,2.50
2024-03-11,Cleveland Cavaliers,Brooklyn Nets,101,120,1.31,2.92
2024-03-11,New York Knicks,Philadelphia 76ers,73,79,1.30,2.99
2024-03-11,Oklahoma City Thunder,Memphis Grizzlies,,124,1.05,6.87
2024-03-10,Atlanta Hawks,New Orleans Pelicans,103,116,2.75,1.36
2024-03-10,Miami Heat,Washington Wizards,108,110,1.12,4.87
2024-03-10,Orlando Magic,Indiana Pacers,97,111,1.89,1.78
2024-03-10,Sacramento Kings,Houston Rockets,104,112,1.31,2.94
2024-03-10,Los Angeles Clippers,Milwaukee Bucks,117,124,2.89,1.33
2024-03-10,Portland Trail Blazers,Toronto Raptors,,128,2.07,1.61
2024-03-10,Denver Nuggets,Utah Jazz,,142,1.10,5.25
2024-03-10,Golden State Warriors,San Antonio Spurs,113,126,1.11,5.02
2024-03-10,Phoenix Suns,Boston Celtics,107,117,2.61,1.39
2024-03-10,Charlotte Hornets,Brooklyn Nets,,110,2.73,1.36
2024-03-10,Detroit Pistons,Dallas Mavericks,124,142,3.57,1.22
2024-03-09,Los Angeles Clippers,Chicago Bulls,,112,1.25,3.32
2024-03-09,Los Angeles Lakers,Milwaukee Bucks,,123,2.29,1.52
2024-03-09,Portland Trail Blazers,Houston Rockets,107,123,2.92,1.33
2024-03-09,Memphis Grizzlies,Atlanta Hawks,92,99,2.13,1.58
2024-03-09,Oklahoma City Thunder,Miami Heat,,107,1.22,3.48
2024-03-09,Cleveland Cavaliers,Minnesota Timberwolves,,113,1.73,1.92
2024-03-09,New York Knicks,Orlando Magic,,98,1.66,2.02
2024-03-09,Philadelphia 76ers,New Orleans Pelicans,95,103,3.25,1.27
2024-03-09,Washington Wizards,Charlotte Hornets,,112,1.64,2.08
2024-03-08,Denver Nuggets,Boston Celtics,,115,1.97,1.69
2024-03-08,Golden State Warriors,Chicago Bulls,122,125,1.25,3.42
2024-03-08,Sacramento Kings,San Antonio Spurs,,131,1.13,4.90
2024-03-08,Phoenix Suns,Toronto Raptors,,120,1.14,4.43
2024-03-08,Dallas Mavericks,Miami Heat,,114,1.47,2.38
2024-03-08,Detroit Pistons,Brooklyn Nets,,118,2.02,1.65
2024-03-08,Indiana Pacers,Minnesota Timberwolves,111,113,1.76,1.88
2024-03-07,Los Angeles Lakers,Sacramento Kings,120,130,1.62,2.08
2024-03-07,Golden State Warriors,Milwaukee Bucks,,125,1.62,2.07
2024-03-07,Portland Trail Blazers,Oklahoma City Thunder,120,128,5.57,1.09
2024-03-07,Utah Jazz,Chicago Bulls,117,119,2.28,1.51
2024-03-07,Atlanta Hawks,Cleveland Cavaliers,,112,1.60,2.10
2024-03-07,Houston Rockets,Los Angeles Clippers,116,122,2.84,1.35
2024-03-07,Philadelphia 76ers,Memphis Grizzlies,109,115,1.50,2.30
2024-03-07,Washington Wizards,Orlando Magic,109,119,2.95,1.33
2024-03-06,Denver Nuggets,Phoenix Suns,107,117,1.21,3.54
2024-03-06,Dallas Mavericks,Indiana Pacers,120,137,1.39,2.57
2024-03-06,Houston Rockets,San Antonio Spurs,,114,1.31,2.89
2024-03-06,Cleveland Cavaliers,Boston Celtics,,105,3.60,1.22
2024-03-06,Brooklyn Nets,Philadelphia 76ers,,112,1.77,1.83
2024-03-06,Miami Heat,Detroit Pistons,,118,1.13,4.80
2024-03-06,New York Knicks,Atlanta Hawks,100,116,1.70,1.92
2024-03-06,Toronto Raptors,New Orleans Pelicans,98,139,3.76,1.19
2024-03-06,Charlotte Hornets,Orlando Magic,89,101,3.43,1.24
2024-03-05,Los Angeles Lakers,Oklahoma City Thunder,,116,1.87,1.73
2024-03-05,Sacramento Kings,Chicago Bulls,109,113,1.35,2.75
2024-03-05,Utah Jazz,Washington Wizards,,127,1.43,2.48
2024-03-05,Milwaukee Bucks,Los Angeles Clippers,,113,2.05,1.60
2024-03-05,Minnesota Timberwolves,Portland Trail Blazers,,119,1.05,6.60
2024-03-05,Brooklyn Nets,Memphis Grizzlies,102,106,1.18,3.82
2024-03-04,Phoenix Suns,Oklahoma City Thunder,110,118,2.36,1.50
2024-03-04,Cleveland Cavaliers,New York Knicks,98,107,1.50,2.31
2024-03-04,San Antonio Spurs,Indiana Pacers,,117,2.84,1.35
2024-03-04,Orlando Magic,Detroit Pistons,,113,1.14,4.72
2024-03-04,Toronto Raptors,Charlotte Hornets,,111,1.30,3.08
2024-03-03,Boston Celtics,Golden State Warriors,,140,1.24,3.42
2024-03-03,Minnesota Timberwolves,Los Angeles Clippers,88,89,1.65,2.03
2024-03-03,Dallas Mavericks,Philadelphia 76ers,116,120,1.27,3.27
2024-03-03,Phoenix Suns,Houston Rockets,109,118,1.21,3.80
2024-03-03,Los Angeles Lakers,Denver Nuggets,114,124,1.87,1.76
2024-03-03,Memphis Grizzlies,Portland Trail Blazers,100,107,1.64,2.07
2024-03-02,Miami Heat,Utah Jazz,,126,1.21,3.80
2024-03-02,Brooklyn Nets,Atlanta Hawks,,114,1.86,1.78
2024-03-02,Los Angeles Clippers,Washington Wizards,,140,1.06,6.92
2024-03-02,Chicago Bulls,Milwaukee Bucks,97,113,2.24,1.53
2024-03-02,Memphis Grizzlies,Portland Trail Blazers,92,122,1.77,1.90
2024-03-02,Minnesota Timberwolves,Sacramento Kings,120,124,1.26,3.35
2024-03-02,New Orleans Pelicans,Indiana Pacers,,129,1.43,2.49
2024-03-02,Boston Celtics,Dallas Mavericks,,138,1.22,3.72
2024-03-02,Toronto Raptors,Golden State Warriors,105,120,2.09,1.61
2024-03-02,Detroit Pistons,Cleveland Cavaliers,100,110,2.92,1.32
2024-03-02,Philadelphia 76ers,Charlotte Hornets,76,121,1.11,5.22
2024-03-01,Los Angeles Lakers,Washington Wizards,,134,1.16,4.20
2024-03-01,Denver Nuggets,Miami Heat,,103,1.35,2.82
2024-03-01,Phoenix Suns,Houston Rockets,,110,1.22,3.52
2024-03-01,San Antonio Spurs,Oklahoma City Thunder,,132,4.27,1.16
2024-03-01,Brooklyn Nets,Atlanta Hawks,,124,1.78,1.85
2024-03-01,New York Knicks,Golden State Warriors,99,110,2.22,1.54
2024-03-01,Charlotte Hornets,Milwaukee Bucks,99,111,4.92,1.12
2024-03-01,Orlando Magic,Utah Jazz,,115,1.32,2.89
2024-02-29,Los Angeles Clippers,Los Angeles Lakers,112,116,1.70,1.92
2024-02-29,Denver Nuggets,Sacramento Kings,,117,1.22,3.47
2024-02-29,Chicago Bulls,Cleveland Cavaliers,,132,2.54,1.40
2024-02-29,Minnesota Timberwolves,Memphis Grizzlies,,110,1.08,5.73
2024-02-29,Indiana Pacers,New Orleans Pelicans,,123,1.51,2.23
2024-02-29,Toronto Raptors,Dallas Mavericks,125,136,2.19,1.54
2024-02-28,Oklahoma City Thunder,Houston Rockets,,112,1.16,4.17
2024-02-28,Portland Trail Blazers,Miami Heat,96,106,3.03,1.30
2024-02-28,Minnesota Timberwolves,San Antonio Spurs,,114,1.09,5.63
2024-02-28,Chicago Bulls,Detroit Pistons,95,105,1.15,4.43
2024-02-28,Milwaukee Bucks,Charlotte Hornets,,123,1.07,6.13
2024-02-28,Atlanta Hawks,Utah Jazz,,124,1.71,1.94
2024-02-28,Boston Celtics,Philadelphia 76ers,,117,1.13,4.72
2024-02-28,New York Knicks,New Orleans Pelicans,92,115,2.79,1.34
2024-02-28,Cleveland Cavaliers,Dallas Mavericks,,121,1.51,2.28
2024-02-28,Orlando Magic,Brooklyn Nets,,108,1.33,2.88
2024-02-28,Washington Wizards,Golden State Warriors,112,123,4.55,1.14
2024-02-27,Sacramento Kings,Miami Heat,110,121,1.31,2.99
2024-02-27,Memphis Grizzlies,Brooklyn Nets,86,111,1.98,1.67
2024-02-27,New York Knicks,Detroit Pistons,,113,1.13,4.73
2024-02-27,Indiana Pacers,Toronto Raptors,122,130,1.39,2.61
2024-02-26,Los Angeles Clippers,Sacramento Kings,107,123,1.51,2.29
2024-02-26,Portland Trail Blazers,Charlotte Hornets,80,93,1.52,2.27
2024-02-26,Utah Jazz,San Antonio Spurs,,128,1.32,3.00
2024-02-26,Atlanta Hawks,Orlando Magic,,109,1.71,1.94
2024-02-26,Golden State Warriors,Denver Nuggets,103,119,1.72,1.96
2024-02-26,Houston Rockets,Oklahoma City Thunder,110,123,2.82,1.36
2024-02-26,New Orleans Pelicans,Chicago Bulls,106,114,1.44,2.52
2024-02-26,Washington Wizards,Cleveland Cavaliers,105,114,5.97,1.08
2024-02-25,Indiana Pacers,Dallas Mavericks,,133,1.96,1.69
2024-02-25,Phoenix Suns,Los Angeles Lakers,,123,1.57,2.20
2024-02-25,Philadelphia 76ers,Milwaukee Bucks,98,119,2.47,1.46
2024-02-25,Minnesota Timberwolves,Brooklyn Nets,,101,1.26,3.27
2024-02-25,New York Knicks,Boston Celtics,102,116,2.75,1.37
2024-02-25,Detroit Pistons,Orlando Magic,109,112,3.32,1.26
2024-02-24,Los Angeles Lakers,San Antonio Spurs,,123,1.15,4.22
2024-02-24,Golden State Warriors,Charlotte Hornets,,97,1.11,5.18
2024-02-24,Minnesota Timberwolves,Milwaukee Bucks,107,112,1.47,2.33
2024-02-24,Portland Trail Blazers,Denver Nuggets,112,127,3.47,1.24
2024-02-24,Houston Rockets,Phoenix Suns,,114,2.11,1.60
2024-02-24,Memphis Grizzlies,Los Angeles Clippers,95,101,3.63,1.20
2024-02-24,New Orleans Pelicans,Miami Heat,95,106,1.67,1.98
2024-02-24,Oklahoma City Thunder,Washington Wizards,,147,1.03,7.68
2024-02-24,Atlanta Hawks,Toronto Raptors,121,123,1.30,3.06
2024-02-24,Philadelphia 76ers,Cleveland Cavaliers,76,104,2.00,1.67
2024-02-23,Golden State Warriors,Los Angeles Lakers,,128,1.41,2.63
2024-02-23,Sacramento Kings,San Antonio Spurs,,127,1.17,4.25
2024-02-23,Denver Nuggets,Washington Wizards,,130,1.06,7.30
2024-02-23,Utah Jazz,Charlotte Hornets,107,115,1.19,3.88
2024-02-23,Chicago Bulls,Boston Celtics,112,129,3.48,1.24
2024-02-23,New Orleans Pelicans,Houston Rockets,,127,1.35,2.80
2024-02-23,Oklahoma City Thunder,Los Angeles Clippers,,129,1.77,1.90
2024-02-23,Dallas Mavericks,Phoenix Suns,,123,1.65,2.02
2024-02-23,Cleveland Cavaliers,Orlando Magic,109,116,1.41,2.56
2024-02-23,Indiana Pacers,Detroit Pistons,,129,1.11,5.25
2024-02-23,Philadelphia 76ers,New York Knicks,96,110,1.76,1.91
2024-02-23,Toronto Raptors,Brooklyn Nets,,121,1.78,1.89
2024-02-19,East,West,,211,1.87,1.57
2024-02-16,Portland Trail Blazers,Minnesota Timberwolves,91,128,4.22,1.17
2024-02-16,Utah Jazz,Golden State Warriors,137,140,2.02,1.67
2024-02-16,Memphis Grizzlies,Milwaukee Bucks,,113,6.10,1.08
2024-02-15,Golden State Warriors,Los Angeles Clippers,125,130,1.61,2.13
2024-02-15,Denver Nuggets,Sacramento Kings,98,102,1.44,2.46
2024-02-15,Phoenix Suns,Detroit Pistons,,116,1.08,5.88
2024-02-15,Utah Jazz,Los Angeles Lakers,122,138,1.46,2.42
2024-02-15,Dallas Mavericks,San Antonio Spurs,,116,1.13,4.63
2024-02-15,Memphis Grizzlies,Houston Rockets,,121,1.99,1.66
2024-02-15,New Orleans Pelicans,Washington Wizards,,133,1.07,6.20
2024-02-15,Boston Celtics,Brooklyn Nets,,136,1.12,4.88
2024-02-15,Cleveland Cavaliers,Chicago Bulls,,108,1.20,3.85
2024-02-15,Toronto Raptors,Indiana Pacers,125,127,2.08,1.61
2024-02-15,Charlotte Hornets,Atlanta Hawks,,122,2.92,1.34
2024-02-15,Orlando Magic,New York Knicks,,118,1.56,2.20
2024-02-15,Philadelphia 76ers,Miami Heat,104,109,1.64,2.07
2024-02-14,Los Angeles Lakers,Detroit Pistons,,125,1.11,5.18
2024-02-14,Phoenix Suns,Sacramento Kings,,130,1.46,2.40
2024-02-14,Portland Trail Blazers,Minnesota Timberwolves,109,121,3.61,1.22
2024-02-14,Milwaukee Bucks,Miami Heat,97,123,1.30,3.00
2024-02-14,Brooklyn Nets,Boston Celtics,110,118,3.33,1.25
2024-02-14,Orlando Magic,Oklahoma City Thunder,113,127,2.08,1.61
2024-02-13,Los Angeles Clippers,Minnesota Timberwolves,100,121,1.45,2.48
2024-02-13,Utah Jazz,Golden State Warriors,107,129,1.87,1.80
2024-02-13,Dallas Mavericks,Washington Wizards,,112,1.11,5.15
2024-02-13,Houston Rockets,New York Knicks,,105,1.81,1.83
2024-02-13,Memphis Grizzlies,New Orleans Pelicans,87,96,4.00,1.19
2024-02-13,Milwaukee Bucks,Denver Nuggets,,112,1.79,1.87
2024-02-13,Atlanta Hawks,Chicago Bulls,126,136,1.47,2.42
2024-02-13,Toronto Raptors,San Antonio Spurs,99,122,1.39,2.70
2024-02-13,Charlotte Hornets,Indiana Pacers,,111,4.35,1.16
2024-02-13,Cleveland Cavaliers,Philadelphia 76ers,121,123,1.12,5.02
2024-02-11,Oklahoma City Thunder,Sacramento Kings,,127,1.56,2.18
2024-02-11,Miami Heat,Boston Celtics,106,110,3.02,1.30
2024-02-11,Portland Trail Blazers,New Orleans Pelicans,84,93,3.45,1.23
2024-02-11,Golden State Warriors,Phoenix Suns,,113,1.92,1.75
2024-02-11,Atlanta Hawks,Houston Rockets,,122,1.30,3.01
2024-02-11,New York Knicks,Indiana Pacers,111,125,2.18,1.56
2024-02-11,Toronto Raptors,Cleveland Cavaliers,95,119,3.57,1.23
2024-02-11,Charlotte Hornets,Memphis Grizzlies,,115,2.49,1.43
2024-02-11,Orlando Magic,Chicago Bulls,,114,1.43,2.53
2024-02-11,Washington Wizards,Philadelphia 76ers,113,119,2.57,1.40
2024-02-11,Brooklyn Nets,San Antonio Spurs,,123,1.40,2.66
2024-02-10,Los Angeles Clippers,Detroit Pistons,,112,1.04,7.67
2024-02-10,Dallas Mavericks,Oklahoma City Thunder,,146,1.88,1.76
2024-02-10,Los Angeles Lakers,New Orleans Pelicans,,139,2.03,1.63
2024-02-10,Sacramento Kings,Denver Nuggets,,135,1.61,2.11
2024-02-10,Milwaukee Bucks,Charlotte Hornets,,120,1.04,7.82
2024-02-10,Boston Celtics,Washington Wizards,,133,1.03,8.67
2024-02-10,Toronto Raptors,Houston Rockets,,107,1.63,2.06
2024-02-10,Philadelphia 76ers,Atlanta Hawks,121,127,2.23,1.54
2024-02-09,Los Angeles Lakers,Denver Nuggets,106,114,2.14,1.59
2024-02-09,Portland Trail Blazers,Detroit Pistons,122,128,1.49,2.34
2024-02-09,Phoenix Suns,Utah Jazz,,129,1.42,2.51
2024-02-09,Memphis Grizzlies,Chicago Bulls,110,118,2.55,1.43
2024-02-09,Milwaukee Bucks,Minnesota Timberwolves,105,129,1.97,1.69
2024-02-09,Brooklyn Nets,Cleveland Cavaliers,95,118,3.08,1.30
2024-02-09,New York Knicks,Dallas Mavericks,108,122,2.73,1.37
2024-02-09,Indiana Pacers,Golden State Warriors,109,131,1.39,2.66
2024-02-09,Orlando Magic,San Antonio Spurs,,127,1.17,4.20
2024-02-08,Los Angeles Clippers,New Orleans Pelicans,106,117,1.43,2.54
2024-02-08,Sacramento Kings,Detroit Pistons,120,133,1.09,5.68
2024-02-08,Boston Celtics,Atlanta Hawks,,125,1.11,5.17
2024-02-08,Miami Heat,San Antonio Spurs,,116,1.26,3.32
2024-02-08,Philadelphia 76ers,Golden State Warriors,104,127,2.17,1.56
2024-02-08,Charlotte Hornets,Toronto Raptors,117,123,2.97,1.32
2024-02-08,Washington Wizards,Cleveland Cavaliers,106,114,5.12,1.12
2024-02-07,Phoenix Suns,Milwaukee Bucks,,114,1.40,2.69
2024-02-07,Utah Jazz,Oklahoma City Thunder,,124,2.19,1.59
2024-02-07,Chicago Bulls,Minnesota Timberwolves,,129,2.52,1.44
2024-02-07,Brooklyn Nets,Dallas Mavericks,107,119,2.17,1.59
2024-02-07,Miami Heat,Orlando Magic,,121,1.56,2.24
2024-02-07,New York Knicks,Memphis Grizzlies,,123,1.07,6.50
2024-02-07,Indiana Pacers,Houston Rockets,,132,1.27,3.28
2024-02-06,New Orleans Pelicans,Toronto Raptors,,138,1.16,4.52
2024-02-06,Atlanta Hawks,Los Angeles Clippers,144,149,2.29,1.51
2024-02-06,Brooklyn Nets,Golden State Warriors,98,109,1.85,1.79
2024-02-06,Charlotte Hornets,Los Angeles Lakers,118,124,6.02,1.08
2024-02-06,Cleveland Cavaliers,Sacramento Kings,,136,1.47,2.40
2024-02-06,Philadelphia 76ers,Dallas Mavericks,102,118,2.08,1.63
2024-02-05,Denver Nuggets,Portland Trail Blazers,,112,1.04,7.27
2024-02-05,Utah Jazz,Milwaukee Bucks,,123,1.69,2.01
2024-02-05,Minnesota Timberwolves,Houston Rockets,,111,1.27,3.32
2024-02-05,Oklahoma City Thunder,Toronto Raptors,,135,1.25,3.42
2024-02-05,Boston Celtics,Memphis Grizzlies,,131,1.02,10.33
2024-02-05,Charlotte Hornets,Indiana Pacers,99,115,4.78,1.13
2024-02-05,Miami Heat,Los Angeles Clippers,95,103,2.54,1.44
2024-02-04,Washington Wizards,Phoenix Suns,112,140,4.50,1.15
2024-02-04,Detroit Pistons,Orlando Magic,99,111,2.87,1.36
2024-02-04,Dallas Mavericks,Milwaukee Bucks,117,129,2.22,1.53
2024-02-04,New York Knicks,Los Angeles Lakers,105,113,1.63,2.04
2024-02-04,San Antonio Spurs,Cleveland Cavaliers,101,117,4.12,1.16
2024-02-04,Chicago Bulls,Sacramento Kings,115,123,1.77,1.85
2024-02-04,Atlanta Hawks,Golden State Warriors,,141,1.67,1.97
2024-02-04,Philadelphia 76ers,Brooklyn Nets,121,136,1.72,1.95
2024-02-03,Denver Nuggets,Portland Trail Blazers,,120,1.07,6.00
2024-02-03,Houston Rockets,Toronto Raptors,,135,1.47,2.35
2024-02-03,Memphis Grizzlies,Golden State Warriors,101,121,3.07,1.29
2024-02-03,Minnesota Timberwolves,Orlando Magic,106,108,1.32,2.88
2024-02-03,Oklahoma City Thunder,Charlotte Hornets,,126,1.05,6.70
2024-02-03,San Antonio Spurs,New Orleans Pelicans,113,114,3.25,1.26
2024-02-03,Atlanta Hawks,Phoenix Suns,,129,2.12,1.59
2024-02-03,Indiana Pacers,Sacramento Kings,122,133,2.25,1.51
2024-02-03,Detroit Pistons,Los Angeles Clippers,125,136,4.78,1.12
2024-02-03,Washington Wizards,Miami Heat,102,110,3.20,1.26
2024-02-02,Utah Jazz,Philadelphia 76ers,124,127,1.46,2.38
2024-02-02,Memphis Grizzlies,Cleveland Cavaliers,101,108,3.42,1.25
2024-02-02,Boston Celtics,Los Angeles Lakers,105,114,1.05,7.60
2024-02-02,New York Knicks,Indiana Pacers,,109,1.74,1.91
2024-02-01,Portland Trail Blazers,Milwaukee Bucks,,119,4.30,1.16
2024-02-01,Brooklyn Nets,Phoenix Suns,120,136,2.27,1.55
2024-02-01,Houston Rockets,New Orleans Pelicans,99,110,1.77,1.91
2024-02-01,Minnesota Timberwolves,Dallas Mavericks,,121,1.09,5.97
2024-02-01,Oklahoma City Thunder,Denver Nuggets,,105,1.39,2.63
2024-02-01,San Antonio Spurs,Orlando Magic,98,108,2.80,1.37
2024-02-01,Miami Heat,Sacramento Kings,,115,1.67,2.03
2024-02-01,Charlotte Hornets,Chicago Bulls,110,117,2.68,1.40
2024-02-01,Cleveland Cavaliers,Detroit Pistons,,128,1.09,5.78
2024-02-01,Washington Wizards,Los Angeles Clippers,109,125,4.00,1.19
2024-01-31,Golden State Warriors,Philadelphia 76ers,,119,1.72,1.91
2024-01-31,Chicago Bulls,Toronto Raptors,107,118,1.32,3.05
2024-01-31,Atlanta Hawks,Los Angeles Lakers,,138,1.41,2.67
2024-01-31,Boston Celtics,Indiana Pacers,,129,1.27,3.35
2024-01-31,New York Knicks,Utah Jazz,,118,1.62,2.13
2024-01-30,Portland Trail Blazers,Philadelphia 76ers,,130,2.60,1.39
2024-01-30,Denver Nuggets,Milwaukee Bucks,,113,1.51,2.25
2024-01-30,Dallas Mavericks,Orlando Magic,,131,1.53,2.23
2024-01-30,Houston Rockets,Los Angeles Lakers,,135,1.87,1.75
2024-01-30,Memphis Grizzlies,Sacramento Kings,94,103,4.25,1.15
2024-01-30,Oklahoma City Thunder,Minnesota Timberwolves,101,107,1.63,2.04
2024-01-30,San Antonio Spurs,Washington Wizards,113,118,1.54,2.20
2024-01-30,Boston Celtics,New Orleans Pelicans,,118,1.24,3.30
2024-01-30,Brooklyn Nets,Utah Jazz,,147,1.84,1.78
2024-01-30,Miami Heat,Phoenix Suns,105,118,1.65,2.00
2024-01-30,Charlotte Hornets,New York Knicks,92,113,3.71,1.20
2024-01-30,Cleveland Cavaliers,Los Angeles Clippers,,118,1.93,1.72
2024-01-29,Portland Trail Blazers,Chicago Bulls,96,104,2.61,1.39
2024-01-29,Atlanta Hawks,Toronto Raptors,,126,1.37,2.70
2024-01-29,Orlando Magic,Phoenix Suns,,113,1.92,1.73
2024-01-28,Indiana Pacers,Memphis Grizzlies,,116,1.29,3.06
2024-01-28,Detroit Pistons,Oklahoma City Thunder,,120,5.52,1.08
2024-01-28,Dallas Mavericks,Sacramento Kings,115,120,2.35,1.50
2024-01-28,Golden State Warriors,Los Angeles Lakers,144,145,1.74,1.93
2024-01-28,San Antonio Spurs,Minnesota Timberwolves,,113,4.42,1.15
2024-01-28,Milwaukee Bucks,New Orleans Pelicans,,141,1.55,2.24
2024-01-28,Boston Celtics,Los Angeles Clippers,96,115,1.31,3.01
2024-01-28,Charlotte Hornets,Utah Jazz,122,134,4.07,1.17
2024-01-28,Brooklyn Nets,Houston Rockets,,106,1.51,2.35
2024-01-27,Denver Nuggets,Philadelphia 76ers,,111,1.26,3.33
2024-01-27,New York Knicks,Miami Heat,,125,1.49,2.44
2024-01-27,Detroit Pistons,Washington Wizards,104,118,1.56,2.20
2024-01-27,San Antonio Spurs,Portland Trail Blazers,,116,1.45,2.48
2024-01-27,Memphis Grizzlies,Orlando Magic,,107,2.81,1.36
2024-01-27,Milwaukee Bucks,Cleveland Cavaliers,100,112,1.40,2.55
2024-01-27,New Orleans Pelicans,Oklahoma City Thunder,83,107,1.93,1.71
2024-01-27,Toronto Raptors,Los Angeles Clippers,107,127,3.26,1.27
2024-01-27,Atlanta Hawks,Dallas Mavericks,143,148,1.70,1.94
2024-01-27,Charlotte Hornets,Houston Rockets,104,138,2.50,1.46
2024-01-27,Indiana Pacers,Phoenix Suns,,133,2.48,1.46
2024-01-26,Los Angeles Lakers,Chicago Bulls,,141,1.37,2.69
2024-01-26,Golden State Warriors,Sacramento Kings,133,134,1.93,1.74
2024-01-26,Brooklyn Nets,Minnesota Timberwolves,94,96,2.28,1.52
2024-01-26,Miami Heat,Boston Celtics,110,143,3.34,1.26
2024-01-26,New York Knicks,Denver Nuggets,,122,2.05,1.62
2024-01-26,Indiana Pacers,Philadelphia 76ers,,134,2.31,1.50
2024-01-26,Washington Wizards,Utah Jazz,108,123,3.00,1.31
2024-01-25,Golden State Warriors,Atlanta Hawks,,134,1.36,2.77
2024-01-25,San Antonio Spurs,Oklahoma City Thunder,114,140,3.63,1.23
2024-01-25,Dallas Mavericks,Phoenix Suns,109,132,2.01,1.68
2024-01-25,Houston Rockets,Portland Trail Blazers,131,137,1.18,4.02
2024-01-25,Milwaukee Bucks,Cleveland Cavaliers,,126,1.33,2.92
2024-01-25,Miami Heat,Memphis Grizzlies,96,105,1.15,4.48
2024-01-25,Detroit Pistons,Charlotte Hornets,,113,1.64,2.05
2024-01-25,Washington Wizards,Minnesota Timberwolves,107,118,4.13,1.17
2024-01-24,Los Angeles Clippers,Los Angeles Lakers,,127,1.21,3.82
2024-01-24,New Orleans Pelicans,Utah Jazz,,153,1.35,2.92
2024-01-24,Oklahoma City Thunder,Portland Trail Blazers,,111,1.10,5.77
2024-01-24,Brooklyn Nets,New York Knicks,103,108,2.23,1.55
2024-01-24,Indiana Pacers,Denver Nuggets,109,114,2.46,1.46
2024-01-23,Sacramento Kings,Atlanta Hawks,,122,1.26,3.35
2024-01-23,Phoenix Suns,Chicago Bulls,,115,1.42,2.54
2024-01-23,Dallas Mavericks,Boston Celtics,110,119,2.04,1.66
2024-01-23,Minnesota Timberwolves,Charlotte Hornets,125,128,1.07,5.87
2024-01-23,Toronto Raptors,Memphis Grizzlies,100,108,1.33,2.97
2024-01-23,Detroit Pistons,Milwaukee Bucks,113,122,5.40,1.11
2024-01-23,Orlando Magic,Cleveland Cavaliers,99,126,2.06,1.66
2024-01-23,Philadelphia 76ers,San Antonio Spurs,76,133,1.09,6.12
2024-01-22,Los Angeles Lakers,Portland Trail Blazers,,134,1.14,4.72
2024-01-22,Phoenix Suns,Indiana Pacers,,117,1.36,2.78
2024-01-22,Houston Rockets,Boston Celtics,107,116,5.38,1.11
2024-01-22,Orlando Magic,Miami Heat,,105,1.79,1.86
2024-01-22,Washington Wizards,Denver Nuggets,104,113,5.38,1.10
2024-01-21,Los Angeles Clippers,Brooklyn Nets,,125,1.16,4.17
2024-01-21,Chicago Bulls,Memphis Grizzlies,,125,1.27,3.19
2024-01-21,Houston Rockets,Utah Jazz,,127,1.69,1.94
2024-01-21,Minnesota Timberwolves,Oklahoma City Thunder,97,102,1.59,2.10
2024-01-21,Atlanta Hawks,Cleveland Cavaliers,95,116,1.98,1.67
2024-01-21,New York Knicks,Toronto Raptors,,126,1.29,3.06
2024-01-21,Charlotte Hornets,Philadelphia 76ers,89,97,4.82,1.12
2024-01-21,Washington Wizards,San Antonio Spurs,127,131,1.65,2.00
2024-01-20,Detroit Pistons,Milwaukee Bucks,135,141,6.00,1.07
2024-01-20,Los Angeles Lakers,Brooklyn Nets,112,130,1.30,3.03
2024-01-20,Portland Trail Blazers,Indiana Pacers,,118,3.37,1.25
2024-01-20,Miami Heat,Atlanta Hawks,108,109,1.30,2.98
2024-01-20,New Orleans Pelicans,Phoenix Suns,109,123,1.66,1.99
2024-01-20,Boston Celtics,Denver Nuggets,100,102,1.31,3.07
2024-01-20,Charlotte Hornets,San Antonio Spurs,,124,1.48,2.38
2024-01-20,Orlando Magic,Philadelphia 76ers,109,124,2.52,1.43
2024-01-19,Minnesota Timberwolves,Memphis Grizzlies,,118,1.12,5.05
2024-01-19,Sacramento Kings,Indiana Pacers,121,126,1.25,3.35
2024-01-19,Utah Jazz,Oklahoma City Thunder,129,134,2.13,1.58
2024-01-19,New York Knicks,Washington Wizards,,113,1.12,4.97
2024-01-19,Toronto Raptors,Chicago Bulls,110,116,1.97,1.69
2024-01-18,Portland Trail Blazers,Brooklyn Nets,,105,2.52,1.43
2024-01-18,Los Angeles Lakers,Dallas Mavericks,,127,1.59,2.12
2024-01-18,New Orleans Pelicans,Charlotte Hornets,,132,1.10,5.08
2024-01-18,Atlanta Hawks,Orlando Magic,,106,1.49,2.32
2024-01-18,Boston Celtics,San Antonio Spurs,,117,1.05,6.90
2024-01-18,Cleveland Cavaliers,Milwaukee Bucks,,135,1.70,1.94
2024-01-18,New York Knicks,Houston Rockets,,109,1.31,2.95
2024-01-18,Toronto Raptors,Miami Heat,,121,2.13,1.58
2024-01-18,Detroit Pistons,Minnesota Timberwolves,117,124,5.47,1.10
2024-01-17,Los Angeles Clippers,Oklahoma City Thunder,,128,1.39,2.66
2024-01-17,Phoenix Suns,Sacramento Kings,,119,1.51,2.25
2024-01-17,Philadelphia 76ers,Denver Nuggets,76,126,1.73,1.92
2024-01-16,Los Angeles Lakers,Oklahoma City Thunder,,112,2.05,1.64
2024-01-16,Utah Jazz,Indiana Pacers,,132,1.33,3.00
2024-01-16,Brooklyn Nets,Miami Heat,95,96,1.90,1.73
2024-01-16,Toronto Raptors,Boston Celtics,96,105,2.85,1.34
2024-01-16,Cleveland Cavaliers,Chicago Bulls,,109,1.50,2.37
2024-01-16,Memphis Grizzlies,Golden State Warriors,,116,3.20,1.29
2024-01-15,Atlanta Hawks,San Antonio Spurs,,109,1.26,3.32
2024-01-15,New York Knicks,Orlando Magic,94,98,1.41,2.62
2024-01-15,Washington Wizards,Detroit Pistons,117,129,1.40,2.67
2024-01-15,Dallas Mavericks,New Orleans Pelicans,,125,2.35,1.48
2024-01-15,Philadelphia 76ers,Houston Rockets,76,124,1.25,3.43
2024-01-15,Portland Trail Blazers,Phoenix Suns,116,127,5.68,1.07
2024-01-15,Milwaukee Bucks,Sacramento Kings,,143,1.50,2.26
2024-01-15,Minnesota Timberwolves,Los Angeles Clippers,,109,1.79,1.82
2024-01-15,Miami Heat,Charlotte Hornets,,104,1.21,3.63
2024-01-14,Denver Nuggets,Indiana Pacers,,117,1.16,4.17
2024-01-14,Utah Jazz,Los Angeles Lakers,,132,1.60,2.07
2024-01-14,Dallas Mavericks,New Orleans Pelicans,108,118,1.40,2.54
2024-01-14,San Antonio Spurs,Chicago Bulls,116,122,2.81,1.34
2024-01-14,Memphis Grizzlies,New York Knicks,94,106,4.33,1.15
2024-01-14,Milwaukee Bucks,Golden State Warriors,,129,1.09,5.58
2024-01-14,Oklahoma City Thunder,Orlando Magic,,112,1.14,4.52
2024-01-14,Atlanta Hawks,Washington Wizards,99,127,1.26,3.17
2024-01-14,Boston Celtics,Houston Rockets,,145,1.05,7.12
2024-01-13,Denver Nuggets,New Orleans Pelicans,,125,1.37,2.69
2024-01-13,Utah Jazz,Toronto Raptors,,145,1.70,1.93
2024-01-13,Chicago Bulls,Golden State Warriors,131,140,1.59,2.12
2024-01-13,Memphis Grizzlies,Los Angeles Clippers,119,128,3.28,1.24
2024-01-13,Miami Heat,Orlando Magic,,99,1.75,1.87
2024-01-13,Minnesota Timberwolves,Portland Trail Blazers,,116,1.04,7.30
2024-01-13,San Antonio Spurs,Charlotte Hornets,,135,1.68,1.95
2024-01-13,Atlanta Hawks,Indiana Pacers,108,126,1.41,2.58
2024-01-13,Detroit Pistons,Houston Rockets,110,112,3.50,1.23
2024-01-13,Philadelphia 76ers,Sacramento Kings,76,112,1.77,1.85
2024-01-12,Los Angeles Lakers,Phoenix Suns,109,127,1.91,1.73
2024-01-12,Dallas Mavericks,New York Knicks,,128,2.39,1.45
2024-01-12,Oklahoma City Thunder,Portland Trail Blazers,,139,1.08,5.62
2024-01-12,Milwaukee Bucks,Boston Celtics,,135,1.64,2.04
2024-01-11,Cleveland Cavaliers,Brooklyn Nets,,111,1.55,2.31
2024-01-11,Los Angeles Clippers,Toronto Raptors,,126,1.11,4.87
2024-01-11,Utah Jazz,Denver Nuggets,,124,2.80,1.35
2024-01-11,Golden State Warriors,New Orleans Pelicans,105,141,2.04,1.62
2024-01-11,Chicago Bulls,Houston Rockets,,124,1.54,2.19
2024-01-11,Atlanta Hawks,Philadelphia 76ers,,139,1.75,1.89
2024-01-11,Miami Heat,Oklahoma City Thunder,120,128,2.42,1.46
2024-01-11,Boston Celtics,Minnesota Timberwolves,,127,1.15,4.28
2024-01-11,Charlotte Hornets,Sacramento Kings,98,123,3.27,1.26
2024-01-11,Detroit Pistons,San Antonio Spurs,108,130,2.20,1.57
2024-01-11,Indiana Pacers,Washington Wizards,,112,1.26,3.32
2024-01-10,Los Angeles Lakers,Toronto Raptors,,132,1.47,2.43
2024-01-10,Dallas Mavericks,Memphis Grizzlies,103,120,1.20,3.76
2024-01-10,New York Knicks,Portland Trail Blazers,,112,1.10,5.22
2024-01-10,Detroit Pistons,Sacramento Kings,110,131,4.40,1.15
2024-01-10,Orlando Magic,Minnesota Timberwolves,92,113,2.55,1.40
2024-01-09,Los Angeles Clippers,Phoenix Suns,,138,1.43,2.48
2024-01-09,Milwaukee Bucks,Utah Jazz,116,132,1.24,3.38
2024-01-09,Miami Heat,Houston Rockets,,120,1.50,2.30
2024-01-09,Charlotte Hornets,Chicago Bulls,112,119,2.97,1.32
2024-01-09,Indiana Pacers,Boston Celtics,,133,2.17,1.57
2024-01-09,Washington Wizards,Oklahoma City Thunder,128,136,4.65,1.13
2024-01-08,Los Angeles Lakers,Los Angeles Clippers,,106,2.35,1.49
2024-01-08,Golden State Warriors,Toronto Raptors,118,133,1.66,1.99
2024-01-08,Denver Nuggets,Detroit Pistons,,131,1.05,7.17
2024-01-08,Phoenix Suns,Memphis Grizzlies,115,121,1.28,3.22
2024-01-08,Dallas Mavericks,Minnesota Timberwolves,,115,1.99,1.68
2024-01-08,Orlando Magic,Atlanta Hawks,,117,2.02,1.67
2024-01-08,Sacramento Kings,New Orleans Pelicans,100,133,1.47,2.35
2024-01-07,Brooklyn Nets,Portland Trail Blazers,127,134,1.22,3.52
2024-01-07,Cleveland Cavaliers,San Antonio Spurs,,117,1.16,4.23
2024-01-07,Houston Rockets,Milwaukee Bucks,,112,2.93,1.33
2024-01-07,Philadelphia 76ers,Utah Jazz,109,120,1.34,2.79
2024-01-07,Indiana Pacers,Boston Celtics,101,118,2.88,1.33
2024-01-07,Washington Wizards,New York Knicks,105,121,3.70,1.21
2024-01-06,Golden State Warriors,Detroit Pistons,,113,1.17,4.17
2024-01-06,Los Angeles Lakers,Memphis Grizzlies,113,127,1.51,2.31
2024-01-06,Sacramento Kings,Toronto Raptors,,135,1.49,2.37
2024-01-06,Denver Nuggets,Orlando Magic,120,122,1.18,4.05
2024-01-06,Phoenix Suns,Miami Heat,,113,1.62,2.08
2024-01-06,Dallas Mavericks,Portland Trail Blazers,,139,1.30,3.12
2024-01-06,Chicago Bulls,Charlotte Hornets,,104,1.20,3.75
2024-01-06,Houston Rockets,Minnesota Timberwolves,95,122,2.27,1.51
2024-01-06,New Orleans Pelicans,Los Angeles Clippers,95,111,1.85,1.81
2024-01-06,Brooklyn Nets,Oklahoma City Thunder,,124,2.40,1.45
2024-01-06,Cleveland Cavaliers,Washington Wizards,,114,1.17,4.12
2024-01-06,Philadelphia 76ers,New York Knicks,92,128,1.39,2.68
2024-01-06,Boston Celtics,Utah Jazz,,126,1.07,6.12
2024-01-06,Indiana Pacers,Atlanta Hawks,,150,1.59,2.11
2024-01-05,Golden State Warriors,Denver Nuggets,127,130,2.24,1.51
2024-01-05,San Antonio Spurs,Milwaukee Bucks,121,125,4.47,1.12
2024-01-04,Los Angeles Lakers,Miami Heat,96,110,1.40,2.59
2024-01-04,Sacramento Kings,Orlando Magic,,138,1.41,2.54
2024-01-04,Phoenix Suns,Los Angeles Clippers,122,131,2.32,1.51
2024-01-04,Utah Jazz,Detroit Pistons,,154,1.24,3.52
2024-01-04,Dallas Mavericks,Portland Trail Blazers,,126,1.13,4.60
2024-01-04,New York Knicks,Chicago Bulls,,116,1.25,3.24
2024-01-04,Houston Rockets,Brooklyn Nets,,112,1.48,2.34
2024-01-04,Memphis Grizzlies,Toronto Raptors,111,116,1.76,1.87
2024-01-04,Minnesota Timberwolves,New Orleans Pelicans,106,117,1.39,2.60
2024-01-04,Atlanta Hawks,Oklahoma City Thunder,,141,1.80,1.84
2024-01-04,Cleveland Cavaliers,Washington Wizards,,140,1.20,3.67
2024-01-04,Indiana Pacers,Milwaukee Bucks,,142,2.20,1.57
2024-01-03,Golden State Warriors,Orlando Magic,,121,1.54,2.26
2024-01-03,Sacramento Kings,Charlotte Hornets,104,111,1.06,6.82
2024-01-03,Memphis Grizzlies,San Antonio Spurs,,106,1.12,4.68
2024-01-03,New Orleans Pelicans,Brooklyn Nets,,112,1.40,2.64
2024-01-03,Oklahoma City Thunder,Boston Celtics,,127,2.26,1.51
2024-01-03,Philadelphia 76ers,Chicago Bulls,76,110,1.18,4.10
2024-01-02,Los Angeles Clippers,Miami Heat,,121,1.24,3.32
2024-01-02,Denver Nuggets,Charlotte Hornets,,111,1.03,7.52
2024-01-02,Phoenix Suns,Portland Trail Blazers,,109,1.19,3.74
2024-01-02,Utah Jazz,Dallas Mavericks,,127,2.38,1.46
2024-01-02,Houston Rockets,Detroit Pistons,,136,1.21,3.63
2024-01-02,Milwaukee Bucks,Indiana Pacers,113,122,1.25,3.31
2024-01-02,Toronto Raptors,Cleveland Cavaliers,,124,1.61,2.08
2024-01-01,New York Knicks,Minnesota Timberwolves,,112,1.87,1.75
2024-01-01,Memphis Grizzlies,Sacramento Kings,92,123,1.80,1.87
2024-01-01,Phoenix Suns,Orlando Magic,,112,1.40,2.64
2024-01-01,New Orleans Pelicans,Los Angeles Lakers,,129,1.37,2.73
2024-01-01,Oklahoma City Thunder,Brooklyn Nets,,124,1.30,3.13
2024-01-01,San Antonio Spurs,Boston Celtics,101,134,6.45,1.06
2023-12-31,Washington Wizards,Atlanta Hawks,126,130,2.84,1.35
2023-12-31,Golden State Warriors,Dallas Mavericks,122,132,1.51,2.31
2023-12-31,Chicago Bulls,Philadelphia 76ers,,105,1.78,1.87
2023-12-31,Minnesota Timberwolves,Los Angeles Lakers,,108,1.49,2.34
2023-12-31,Indiana Pacers,New York Knicks,,140,1.49,2.30
2023-12-31,Detroit Pistons,Toronto Raptors,,129,2.23,1.55
2023-12-30,Utah Jazz,Miami Heat,,117,2.15,1.57
2023-12-30,Los Angeles Clippers,Memphis Grizzlies,,117,1.52,2.25
2023-12-30,Portland Trail Blazers,San Antonio Spurs,,134,1.43,2.47
2023-12-30,Denver Nuggets,Oklahoma City Thunder,93,119,1.72,1.93
2023-12-30,Phoenix Suns,Charlotte Hornets,,133,1.05,6.60
2023-12-30,Houston Rockets,Philadelphia 76ers,127,131,1.91,1.72
2023-12-30,Atlanta Hawks,Sacramento Kings,110,117,1.92,1.74
2023-12-30,Boston Celtics,Toronto Raptors,,120,1.42,2.48
2023-12-30,Cleveland Cavaliers,Milwaukee Bucks,111,119,2.57,1.40
2023-12-30,Orlando Magic,New York Knicks,,117,1.81,1.81
2023-12-30,Washington Wizards,Brooklyn Nets,,110,2.72,1.37
2023-12-29,Los Angeles Lakers,Charlotte Hornets,,133,1.09,5.47
2023-12-29,Golden State Warriors,Miami Heat,102,114,1.36,2.74
2023-12-29,Portland Trail Blazers,San Antonio Spurs,105,118,1.60,2.11
2023-12-29,Denver Nuggets,Memphis Grizzlies,,142,1.21,3.64
2023-12-29,Chicago Bulls,Indiana Pacers,104,120,1.86,1.76
2023-12-29,Minnesota Timberwolves,Dallas Mavericks,,118,1.09,5.27
2023-12-29,New Orleans Pelicans,Utah Jazz,,112,1.21,3.61
2023-12-29,Boston Celtics,Detroit Pistons,,128,1.04,6.95
2023-12-28,Dallas Mavericks,Cleveland Cavaliers,110,113,1.35,2.74
2023-12-28,Houston Rockets,Phoenix Suns,113,129,2.13,1.58
2023-12-28,Oklahoma City Thunder,New York Knicks,,129,1.54,2.20
2023-12-28,Brooklyn Nets,Milwaukee Bucks,122,144,3.93,1.17
2023-12-28,Orlando Magic,Philadelphia 76ers,92,112,1.67,1.98
2023-12-28,Washington Wizards,Toronto Raptors,102,132,2.87,1.32
2023-12-27,Los Angeles Clippers,Charlotte Hornets,,113,1.15,4.37
2023-12-27,Portland Trail Blazers,Sacramento Kings,,130,3.65,1.23
2023-12-27,Chicago Bulls,Atlanta Hawks,,118,2.01,1.64
2023-12-27,Houston Rockets,Indiana Pacers,117,123,1.63,2.08
2023-12-27,New Orleans Pelicans,Memphis Grizzlies,115,116,1.46,2.38
2023-12-27,Oklahoma City Thunder,Minnesota Timberwolves,,129,1.73,1.92
2023-12-27,San Antonio Spurs,Utah Jazz,118,130,2.12,1.58
2023-12-27,Detroit Pistons,Brooklyn Nets,112,118,2.72,1.36
2023-12-27,Washington Wizards,Orlando Magic,119,127,2.93,1.31
2023-12-26,Phoenix Suns,Dallas Mavericks,114,128,1.52,2.33
2023-12-26,Miami Heat,Philadelphia 76ers,,119,1.67,2.04
2023-12-25,Los Angeles Lakers,Boston Celtics,115,126,2.47,1.46
2023-12-25,Denver Nuggets,Golden State Warriors,,120,1.30,3.20
2023-12-25,New York Knicks,Milwaukee Bucks,,129,2.25,1.56
2023-12-24,Sacramento Kings,Minnesota Timberwolves,98,110,1.64,2.02
2023-12-24,Dallas Mavericks,San Antonio Spurs,,144,1.25,3.38
2023-12-24,Golden State Warriors,Portland Trail Blazers,,126,1.24,3.38
2023-12-24,Chicago Bulls,Cleveland Cavaliers,95,109,1.39,2.66
2023-12-24,Oklahoma City Thunder,Los Angeles Lakers,120,129,1.59,2.15
2023-12-24,Atlanta Hawks,Memphis Grizzlies,119,125,1.74,1.90
2023-12-24,Brooklyn Nets,Detroit Pistons,,126,1.17,4.03
2023-12-24,Toronto Raptors,Utah Jazz,119,126,1.42,2.53
2023-12-24,Charlotte Hornets,Denver Nuggets,95,102,4.15,1.16
2023-12-24,Indiana Pacers,Orlando Magic,110,117,1.63,2.04
2023-12-24,New Orleans Pelicans,Houston Rockets,104,106,1.31,3.03
2023-12-23,Los Angeles Clippers,Boston Celtics,108,145,2.28,1.50
2023-12-23,New York Knicks,Milwaukee Bucks,111,130,2.04,1.66
2023-12-23,Golden State Warriors,Washington Wizards,,129,1.14,4.52
2023-12-23,Sacramento Kings,Phoenix Suns,,120,1.52,2.27
2023-12-23,Houston Rockets,Dallas Mavericks,,122,1.23,3.47
2023-12-23,Miami Heat,Atlanta Hawks,,122,1.75,1.87
2023-12-23,Brooklyn Nets,Denver Nuggets,117,122,2.39,1.46
2023-12-23,Philadelphia 76ers,Toronto Raptors,76,121,1.24,3.37
2023-12-22,Portland Trail Blazers,Washington Wizards,117,118,1.49,2.31
2023-12-22,Minnesota Timberwolves,Los Angeles Lakers,,118,1.25,3.31
2023-12-22,Chicago Bulls,San Antonio Spurs,,114,1.38,2.65
2023-12-22,Memphis Grizzlies,Indiana Pacers,,116,1.65,2.02
2023-12-22,Milwaukee Bucks,Orlando Magic,,118,1.24,3.38
2023-12-22,Oklahoma City Thunder,Los Angeles Clippers,,134,1.38,2.65
2023-12-22,Cleveland Cavaliers,New Orleans Pelicans,104,123,2.21,1.54
2023-12-22,Detroit Pistons,Utah Jazz,111,119,1.69,1.96
2023-12-21,Sacramento Kings,Boston Celtics,119,144,1.56,2.17
2023-12-21,Dallas Mavericks,Los Angeles Clippers,111,120,1.89,1.74
2023-12-21,Chicago Bulls,Los Angeles Lakers,,124,2.26,1.51
2023-12-21,Houston Rockets,Atlanta Hawks,127,134,1.61,2.07
2023-12-21,Brooklyn Nets,New York Knicks,102,121,1.84,1.78
2023-12-21,Toronto Raptors,Denver Nuggets,104,113,2.28,1.50
2023-12-21,Cleveland Cavaliers,Utah Jazz,,124,1.55,2.19
2023-12-21,Indiana Pacers,Charlotte Hornets,,144,1.16,4.10
2023-12-21,Orlando Magic,Miami Heat,106,115,1.42,2.50
2023-12-21,Philadelphia 76ers,Minnesota Timberwolves,76,127,1.53,2.22
2023-12-20,Golden State Warriors,Boston Celtics,,132,2.50,1.44
2023-12-20,Portland Trail Blazers,Phoenix Suns,,109,3.05,1.30
2023-12-20,Milwaukee Bucks,San Antonio Spurs,,132,1.04,7.32
2023-12-20,New Orleans Pelicans,Memphis Grizzlies,113,115,1.24,3.50
2023-12-19,Los Angeles Lakers,New York Knicks,109,114,1.43,2.39
2023-12-19,Sacramento Kings,Washington Wizards,,143,1.06,5.87
2023-12-19,Denver Nuggets,Dallas Mavericks,,130,1.23,3.30
2023-12-19,Utah Jazz,Brooklyn Nets,,125,2.15,1.54
2023-12-19,Oklahoma City Thunder,Memphis Grizzlies,,116,1.16,4.00
2023-12-19,Atlanta Hawks,Detroit Pistons,,130,1.12,4.52
2023-12-19,Miami Heat,Minnesota Timberwolves,108,112,1.95,1.67
2023-12-19,Toronto Raptors,Charlotte Hornets,,114,1.09,5.07
2023-12-19,Cleveland Cavaliers,Houston Rockets,,135,1.52,2.22
2023-12-19,Indiana Pacers,Los Angeles Clippers,127,151,2.22,1.54
2023-12-19,Philadelphia 76ers,Chicago Bulls,104,108,1.14,4.40
2023-12-18,Portland Trail Blazers,Golden State Warriors,114,118,2.57,1.40
2023-12-18,Phoenix Suns,Washington Wizards,,112,1.09,5.32
2023-12-18,Milwaukee Bucks,Houston Rockets,,128,1.29,3.01
2023-12-17,San Antonio Spurs,New Orleans Pelicans,110,146,3.18,1.28
2023-12-17,Boston Celtics,Orlando Magic,,114,1.21,3.63
2023-12-17,Los Angeles Clippers,New York Knicks,,144,1.33,2.87
2023-12-17,Sacramento Kings,Utah Jazz,,125,1.25,3.38
2023-12-17,Denver Nuggets,Oklahoma City Thunder,117,118,1.43,2.46
2023-12-17,Portland Trail Blazers,Dallas Mavericks,120,131,2.54,1.42
2023-12-17,Golden State Warriors,Brooklyn Nets,,124,1.58,2.14
2023-12-17,Miami Heat,Chicago Bulls,,118,1.41,2.50
2023-12-17,Minnesota Timberwolves,Indiana Pacers,,127,1.16,4.08
2023-12-17,Cleveland Cavaliers,Atlanta Hawks,,127,1.50,2.31
2023-12-17,Charlotte Hornets,Philadelphia 76ers,82,135,4.87,1.11
2023-12-17,Milwaukee Bucks,Detroit Pistons,,146,1.04,7.35
2023-12-16,Phoenix Suns,New York Knicks,122,139,1.44,2.47
2023-12-16,Memphis Grizzlies,Houston Rockets,96,103,2.08,1.61
2023-12-16,Boston Celtics,Orlando Magic,,128,1.39,2.58
2023-12-16,San Antonio Spurs,Los Angeles Lakers,,129,2.34,1.48
2023-12-16,Toronto Raptors,Atlanta Hawks,104,125,1.70,1.92
2023-12-16,Charlotte Hornets,New Orleans Pelicans,107,112,3.70,1.20
2023-12-16,Philadelphia 76ers,Detroit Pistons,76,124,1.06,6.63
2023-12-16,Washington Wizards,Indiana Pacers,,137,3.32,1.25
2023-12-15,Los Angeles Clippers,Golden State Warriors,,121,1.64,2.00
2023-12-15,Portland Trail Blazers,Utah Jazz,114,122,1.43,2.46
2023-12-15,Sacramento Kings,Oklahoma City Thunder,,128,1.66,1.98
2023-12-15,Denver Nuggets,Brooklyn Nets,,124,1.20,3.66
2023-12-15,Dallas Mavericks,Minnesota Timberwolves,101,119,1.94,1.68
2023-12-15,Boston Celtics,Cleveland Cavaliers,,116,1.20,3.63
2023-12-15,Miami Heat,Chicago Bulls,116,124,1.54,2.19
2023-12-14,Phoenix Suns,Brooklyn Nets,112,116,1.45,2.36
2023-12-14,Utah Jazz,New York Knicks,,117,2.64,1.38
2023-12-14,Houston Rockets,Memphis Grizzlies,,117,1.20,3.67
2023-12-14,Milwaukee Bucks,Indiana Pacers,,140,1.32,2.81
2023-12-14,San Antonio Spurs,Los Angeles Lakers,119,122,2.21,1.53
2023-12-14,Miami Heat,Charlotte Hornets,,115,1.24,3.32
2023-12-14,Toronto Raptors,Atlanta Hawks,,135,1.65,2.02
2023-12-14,Detroit Pistons,Philadelphia 76ers,111,129,5.08,1.10
2023-12-14,Washington Wizards,New Orleans Pelicans,122,142,2.75,1.34
2023-12-13,Los Angeles Clippers,Sacramento Kings,,119,1.50,2.25
2023-12-13,Phoenix Suns,Golden State Warriors,,119,1.85,1.75
2023-12-13,Chicago Bulls,Denver Nuggets,106,114,2.85,1.33
2023-12-13,Boston Celtics,Cleveland Cavaliers,,120,1.12,4.70
2023-12-13,Dallas Mavericks,Los Angeles Lakers,,127,2.08,1.60
2023-12-12,Los Angeles Clippers,Portland Trail Blazers,,132,1.08,5.45
2023-12-12,Sacramento Kings,Brooklyn Nets,,131,1.45,2.36
2023-12-12,Houston Rockets,San Antonio Spurs,,93,1.21,3.57
2023-12-12,Memphis Grizzlies,Dallas Mavericks,113,120,1.84,1.76
2023-12-12,Milwaukee Bucks,Chicago Bulls,,133,1.12,4.68
2023-12-12,New Orleans Pelicans,Minnesota Timberwolves,,121,1.48,2.31
2023-12-12,Oklahoma City Thunder,Utah Jazz,,134,1.09,5.35
2023-12-12,Atlanta Hawks,Denver Nuggets,122,129,2.18,1.56
2023-12-12,New York Knicks,Toronto Raptors,,136,1.53,2.25
2023-12-12,Charlotte Hornets,Miami Heat,114,116,2.29,1.50
2023-12-12,Detroit Pistons,Indiana Pacers,123,131,3.00,1.30
2023-12-12,Orlando Magic,Cleveland Cavaliers,,104,1.64,2.04
2023-12-12,Philadelphia 76ers,Washington Wizards,76,146,1.08,5.52
2023-12-09,Portland Trail Blazers,Dallas Mavericks,112,125,4.02,1.17
2023-12-09,Utah Jazz,Los Angeles Clippers,103,117,3.25,1.26
2023-12-09,Denver Nuggets,Houston Rockets,106,114,1.22,3.45
2023-12-09,Phoenix Suns,Sacramento Kings,106,114,2.06,1.62
2023-12-09,San Antonio Spurs,Chicago Bulls,112,121,2.00,1.65
2023-12-09,Memphis Grizzlies,Minnesota Timberwolves,103,127,2.61,1.38
2023-12-09,Miami Heat,Cleveland Cavaliers,99,111,1.85,1.75
2023-12-09,Oklahoma City Thunder,Golden State Warriors,,138,1.56,2.13
2023-12-09,Boston Celtics,New York Knicks,,133,1.26,3.20
2023-12-09,Brooklyn Nets,Washington Wizards,,124,1.19,3.66
2023-12-09,Charlotte Hornets,Toronto Raptors,,119,2.55,1.42
2023-12-09,Orlando Magic,Detroit Pistons,,123,1.16,4.08
2023-12-09,Philadelphia 76ers,Atlanta Hawks,76,125,1.21,3.65
2023-12-07,Golden State Warriors,Portland Trail Blazers,,110,1.10,5.07
2023-12-07,Los Angeles Clippers,Denver Nuggets,,111,1.82,1.80
2023-12-07,Dallas Mavericks,Utah Jazz,,147,1.12,4.52
2023-12-07,Chicago Bulls,Charlotte Hornets,,111,1.44,2.39
2023-12-07,Houston Rockets,Oklahoma City Thunder,,110,1.95,1.67
2023-12-07,Atlanta Hawks,Brooklyn Nets,113,114,1.53,2.19
2023-12-07,Minnesota Timberwolves,San Antonio Spurs,,102,1.10,5.07
2023-12-07,Toronto Raptors,Miami Heat,103,112,1.48,2.28
2023-12-07,Cleveland Cavaliers,Orlando Magic,,121,1.50,2.25
2023-12-07,Detroit Pistons,Memphis Grizzlies,102,116,1.92,1.69
2023-12-07,Washington Wizards,Philadelphia 76ers,126,131,3.97,1.16
2023-12-03,Los Angeles Lakers,Houston Rockets,,107,1.44,2.44
2023-12-03,Sacramento Kings,Denver Nuggets,,123,1.55,2.18
2023-12-03,Utah Jazz,Portland Trail Blazers,,118,1.73,1.89
2023-12-03,Dallas Mavericks,Oklahoma City Thunder,120,126,2.41,1.44
2023-12-03,Phoenix Suns,Memphis Grizzlies,,116,1.17,3.97
2023-12-03,Chicago Bulls,New Orleans Pelicans,,124,1.85,1.77
2023-12-03,Miami Heat,Indiana Pacers,129,144,1.45,2.39
2023-12-03,Milwaukee Bucks,Atlanta Hawks,,132,1.36,2.73
2023-12-03,Brooklyn Nets,Orlando Magic,,129,1.68,1.99
2023-12-03,Detroit Pistons,Cleveland Cavaliers,101,110,3.85,1.19
2023-12-02,Charlotte Hornets,Minnesota Timberwolves,117,123,2.45,1.42
2023-12-02,Los Angeles Clippers,Golden State Warriors,,113,1.41,2.56
2023-12-02,Phoenix Suns,Denver Nuggets,111,119,1.85,1.75
2023-12-02,New Orleans Pelicans,San Antonio Spurs,,121,1.09,5.08
2023-12-02,Boston Celtics,Philadelphia 76ers,,125,1.15,4.23
2023-12-02,Dallas Mavericks,Memphis Grizzlies,94,108,1.36,2.66
2023-12-02,Toronto Raptors,New York Knicks,106,119,1.69,1.91
2023-12-02,Orlando Magic,Washington Wizards,,130,1.16,4.17
2023-12-01,Golden State Warriors,Los Angeles Clippers,,120,1.65,1.93
2023-12-01,Chicago Bulls,Milwaukee Bucks,,120,3.98,1.16
2023-12-01,Minnesota Timberwolves,Utah Jazz,,101,1.12,4.53
2023-12-01,Oklahoma City Thunder,Los Angeles Lakers,,133,1.42,2.42
2023-12-01,San Antonio Spurs,Atlanta Hawks,135,137,2.74,1.33
2023-12-01,Brooklyn Nets,Charlotte Hornets,128,129,1.21,3.43
2023-12-01,Miami Heat,Indiana Pacers,,142,1.51,2.18
2023-12-01,New York Knicks,Detroit Pistons,,118,1.06,5.70
2023-12-01,Cleveland Cavaliers,Portland Trail Blazers,95,103,1.12,4.63
2023-11-30,Sacramento Kings,Los Angeles Clippers,117,131,1.90,1.72
2023-11-30,Denver Nuggets,Houston Rockets,,134,1.18,3.88
2023-11-30,Memphis Grizzlies,Utah Jazz,,105,1.54,2.19
2023-11-30,New Orleans Pelicans,Philadelphia 76ers,,124,1.59,2.09
2023-11-30,Toronto Raptors,Phoenix Suns,,112,2.17,1.56
2023-11-30,Detroit Pistons,Los Angeles Lakers,107,133,3.22,1.26
2023-11-30,Orlando Magic,Washington Wizards,,139,1.19,3.67
2023-11-29,Sacramento Kings,Golden State Warriors,,124,1.66,1.95
2023-11-29,Dallas Mavericks,Houston Rockets,,121,1.51,2.20
2023-11-29,Minnesota Timberwolves,Oklahoma City Thunder,,106,1.59,2.06
2023-11-29,Boston Celtics,Chicago Bulls,,124,1.08,5.52
2023-11-29,Brooklyn Nets,Toronto Raptors,,115,1.72,1.89
2023-11-29,Cleveland Cavaliers,Atlanta Hawks,,128,1.47,2.34
2023-11-29,Miami Heat,Milwaukee Bucks,124,131,2.36,1.46
2023-11-29,New York Knicks,Charlotte Hornets,,115,1.13,4.57
2023-11-28,Los Angeles Clippers,Denver Nuggets,104,113,1.13,4.50
2023-11-28,Utah Jazz,New Orleans Pelicans,,114,2.66,1.35
2023-11-28,Detroit Pistons,Washington Wizards,107,126,1.67,1.95
2023-11-28,Indiana Pacers,Portland Trail Blazers,110,114,1.11,4.88
2023-11-28,Philadelphia 76ers,Los Angeles Lakers,76,138,1.41,2.49
2023-11-27,Denver Nuggets,San Antonio Spurs,,132,1.15,4.33
2023-11-27,Brooklyn Nets,Chicago Bulls,,118,1.60,2.10
2023-11-27,Cleveland Cavaliers,Toronto Raptors,,105,1.56,2.16
2023-11-27,Boston Celtics,Atlanta Hawks,,113,1.32,2.89
2023-11-27,Memphis Grizzlies,Minnesota Timberwolves,97,119,2.73,1.35
2023-11-27,New York Knicks,Phoenix Suns,113,116,1.38,2.62
2023-11-27,Orlando Magic,Charlotte Hornets,,130,1.34,2.82
2023-11-26,Milwaukee Bucks,Portland Trail Blazers,,108,1.10,5.55
2023-11-26,Los Angeles Clippers,Dallas Mavericks,,107,1.74,1.86
2023-11-26,Utah Jazz,New Orleans Pelicans,,105,2.15,1.56
2023-11-26,Cleveland Cavaliers,Los Angeles Lakers,115,121,1.50,2.28
2023-11-26,Washington Wizards,Atlanta Hawks,108,136,3.37,1.24
2023-11-26,Brooklyn Nets,Miami Heat,,112,1.30,3.00
2023-11-25,Oklahoma City Thunder,Philadelphia 76ers,123,127,1.88,1.76
2023-11-25,Los Angeles Clippers,New Orleans Pelicans,106,116,1.42,2.48
2023-11-25,Golden State Warriors,San Antonio Spurs,,118,1.18,3.85
2023-11-25,Houston Rockets,Denver Nuggets,,105,2.11,1.59
2023-11-25,Indiana Pacers,Detroit Pistons,,136,1.20,3.77
2023-11-25,Milwaukee Bucks,Washington Wizards,,131,1.08,5.65
2023-11-25,Minnesota Timberwolves,Sacramento Kings,111,124,1.45,2.42
2023-11-25,New York Knicks,Miami Heat,,100,1.42,2.48
2023-11-25,Toronto Raptors,Chicago Bulls,,121,1.41,2.50
2023-11-24,Memphis Grizzlies,Phoenix Suns,89,110,2.18,1.54
2023-11-24,Orlando Magic,Boston Celtics,,113,2.51,1.41
2023-11-23,Los Angeles Lakers,Dallas Mavericks,101,104,1.87,1.76
2023-11-23,Phoenix Suns,Golden State Warriors,,123,1.61,2.06
2023-11-23,Portland Trail Blazers,Utah Jazz,,121,2.13,1.57
2023-11-23,Houston Rockets,Memphis Grizzlies,,111,1.41,2.55
2023-11-23,Minnesota Timberwolves,Philadelphia 76ers,,112,1.32,2.86
2023-11-23,New Orleans Pelicans,Sacramento Kings,,117,1.88,1.73
2023-11-23,Oklahoma City Thunder,Chicago Bulls,,116,1.29,3.07
2023-11-23,San Antonio Spurs,Los Angeles Clippers,102,109,3.35,1.23
2023-11-23,Atlanta Hawks,Brooklyn Nets,,147,1.54,2.18
2023-11-23,Boston Celtics,Milwaukee Bucks,,119,1.35,2.73
2023-11-23,Cleveland Cavaliers,Miami Heat,96,129,1.71,1.92
2023-11-23,Indiana Pacers,Toronto Raptors,131,132,1.62,2.04
2023-11-23,Charlotte Hornets,Washington Wizards,,117,1.51,2.27
2023-11-23,Orlando Magic,Denver Nuggets,,124,2.21,1.54
2023-11-22,Los Angeles Lakers,Utah Jazz,,131,1.28,3.08
2023-11-22,Phoenix Suns,Portland Trail Blazers,,120,1.09,5.20
2023-11-22,Atlanta Hawks,Indiana Pacers,152,157,1.54,2.20
2023-11-22,Philadelphia 76ers,Cleveland Cavaliers,119,122,1.24,3.37
2023-11-22,Orlando Magic,Toronto Raptors,,126,1.74,1.89
2023-11-21,Golden State Warriors,Houston Rockets,,121,1.29,3.03
2023-11-21,Chicago Bulls,Miami Heat,100,118,1.91,1.71
2023-11-21,Minnesota Timberwolves,New York Knicks,,117,1.64,1.99
2023-11-21,New Orleans Pelicans,Sacramento Kings,,129,1.92,1.70
2023-11-21,San Antonio Spurs,Los Angeles Clippers,99,124,3.43,1.22
2023-11-21,Charlotte Hornets,Boston Celtics,,121,3.45,1.22
2023-11-21,Detroit Pistons,Denver Nuggets,103,107,3.87,1.18
2023-11-21,Washington Wizards,Milwaukee Bucks,129,142,3.90,1.18
2023-11-20,Los Angeles Lakers,Houston Rockets,,105,1.38,2.65
2023-11-20,Portland Trail Blazers,Oklahoma City Thunder,91,134,2.87,1.33
2023-11-20,Memphis Grizzlies,Boston Celtics,100,102,4.53,1.13
2023-11-20,Utah Jazz,Phoenix Suns,137,140,2.39,1.46
2023-11-20,Dallas Mavericks,Sacramento Kings,113,129,1.74,1.87
2023-11-20,Cleveland Cavaliers,Denver Nuggets,,121,2.34,1.48
2023-11-19,Indiana Pacers,Orlando Magic,116,128,1.47,2.36
2023-11-19,Toronto Raptors,Detroit Pistons,,142,1.16,4.10
2023-11-19,Brooklyn Nets,Philadelphia 76ers,99,121,2.19,1.55
2023-11-19,Golden State Warriors,Oklahoma City Thunder,123,130,1.60,1.98
2023-11-19,Chicago Bulls,Miami Heat,,102,1.90,1.69
2023-11-19,Milwaukee Bucks,Dallas Mavericks,,132,1.68,1.92
2023-11-19,San Antonio Spurs,Memphis Grizzlies,108,120,2.06,1.59
2023-11-19,New Orleans Pelicans,Minnesota Timberwolves,120,121,2.95,1.30
2023-11-19,Charlotte Hornets,New York Knicks,108,122,2.76,1.33
2023-11-18,Los Angeles Clippers,Houston Rockets,,106,1.32,3.00
2023-11-18,Portland Trail Blazers,Los Angeles Lakers,95,107,3.75,1.20
2023-11-18,Utah Jazz,Phoenix Suns,128,131,2.49,1.43
2023-11-18,Chicago Bulls,Orlando Magic,97,103,1.52,2.28
2023-11-18,New Orleans Pelicans,Denver Nuggets,,115,2.37,1.48
2023-11-18,Atlanta Hawks,Philadelphia 76ers,116,126,1.90,1.76
2023-11-18,Cleveland Cavaliers,Detroit Pistons,,108,1.23,3.52
2023-11-18,San Antonio Spurs,Sacramento Kings,120,129,3.38,1.24
2023-11-18,Toronto Raptors,Boston Celtics,105,108,3.56,1.22
2023-11-18,Charlotte Hornets,Milwaukee Bucks,99,130,3.35,1.22
2023-11-18,Washington Wizards,New York Knicks,99,120,2.95,1.29
2023-11-17,Golden State Warriors,Oklahoma City Thunder,109,128,2.20,1.57
2023-11-17,Miami Heat,Brooklyn Nets,,122,1.56,2.20
2023-11-16,Los Angeles Lakers,Sacramento Kings,110,125,1.79,1.83
2023-11-16,Portland Trail Blazers,Cleveland Cavaliers,95,109,3.88,1.18
2023-11-16,Phoenix Suns,Minnesota Timberwolves,,133,1.49,2.33
2023-11-16,Chicago Bulls,Orlando Magic,94,96,1.70,1.94
2023-11-16,Atlanta Hawks,New York Knicks,114,116,1.74,1.88
2023-11-16,Philadelphia 76ers,Boston Celtics,107,117,1.83,1.79
2023-11-16,Toronto Raptors,Milwaukee Bucks,112,128,1.86,1.76
2023-11-16,Washington Wizards,Dallas Mavericks,117,130,2.33,1.49
2023-11-15,Los Angeles Lakers,Memphis Grizzlies,,134,1.32,2.87
2023-11-15,Denver Nuggets,Los Angeles Clippers,,111,1.46,2.39
2023-11-15,Golden State Warriors,Minnesota Timberwolves,101,104,2.06,1.60
2023-11-15,Utah Jazz,Portland Trail Blazers,,115,1.33,2.86
2023-11-15,New Orleans Pelicans,Dallas Mavericks,,131,2.22,1.54
2023-11-15,Brooklyn Nets,Orlando Magic,,124,1.62,2.11
2023-11-15,Oklahoma City Thunder,San Antonio Spurs,,123,1.16,4.22
2023-11-15,Charlotte Hornets,Miami Heat,105,111,2.86,1.33
2023-11-15,Detroit Pistons,Atlanta Hawks,120,126,2.38,1.47
2023-11-15,Philadelphia 76ers,Indiana Pacers,126,132,1.38,2.60
2023-11-14,Sacramento Kings,Cleveland Cavaliers,,132,1.79,1.84
2023-11-14,Milwaukee Bucks,Chicago Bulls,,118,1.19,3.85
2023-11-14,Boston Celtics,New York Knicks,,114,1.18,3.87
2023-11-14,Toronto Raptors,Washington Wizards,,111,1.25,3.33
2023-11-13,Los Angeles Lakers,Portland Trail Blazers,,116,1.21,3.59
2023-11-13,Golden State Warriors,Minnesota Timberwolves,110,116,1.56,2.13
2023-11-13,Phoenix Suns,Oklahoma City Thunder,99,111,1.52,2.22
2023-11-13,Chicago Bulls,Detroit Pistons,,119,1.36,2.67
2023-11-13,Houston Rockets,Denver Nuggets,,107,2.42,1.44
2023-11-13,New Orleans Pelicans,Dallas Mavericks,124,136,2.21,1.52
2023-11-13,San Antonio Spurs,Miami Heat,113,118,1.92,1.70
2023-11-13,Philadelphia 76ers,Indiana Pacers,76,137,1.32,2.85
2023-11-12,Los Angeles Clippers,Memphis Grizzlies,101,105,1.25,3.26
2023-11-12,Brooklyn Nets,Washington Wizards,,102,1.31,2.88
2023-11-12,New York Knicks,Charlotte Hornets,,129,1.17,3.93
2023-11-12,Golden State Warriors,Cleveland Cavaliers,110,118,1.49,2.32
2023-11-12,Atlanta Hawks,Miami Heat,109,117,1.29,3.10
2023-11-12,Boston Celtics,Toronto Raptors,,117,1.21,3.57
2023-11-12,Orlando Magic,Milwaukee Bucks,,112,1.96,1.68
2023-11-11,Phoenix Suns,Los Angeles Lakers,119,122,1.67,1.96
2023-11-11,Sacramento Kings,Oklahoma City Thunder,,105,1.93,1.69
2023-11-11,Dallas Mavericks,Los Angeles Clippers,,144,1.75,1.88
2023-11-11,Houston Rockets,New Orleans Pelicans,,104,1.63,2.03
2023-11-11,Memphis Grizzlies,Utah Jazz,121,127,1.43,2.43
2023-11-11,San Antonio Spurs,Minnesota Timberwolves,110,117,2.96,1.30
2023-11-11,Boston Celtics,Brooklyn Nets,,121,1.11,4.77
2023-11-11,Detroit Pistons,Philadelphia 76ers,106,114,3.48,1.22
2023-11-11,Washington Wizards,Charlotte Hornets,117,124,1.59,2.11
2023-11-10,Orlando Magic,Atlanta Hawks,119,120,2.18,1.56
2023-11-10,Indiana Pacers,Milwaukee Bucks,,126,1.83,1.79
2023-11-09,Denver Nuggets,Golden State Warriors,,108,1.49,2.32
2023-11-09,Sacramento Kings,Portland Trail Blazers,,121,1.26,3.25
2023-11-09,Dallas Mavericks,Toronto Raptors,116,127,1.51,2.27
2023-11-09,Chicago Bulls,Phoenix Suns,115,116,1.81,1.81
2023-11-09,Houston Rockets,Los Angeles Lakers,,128,2.08,1.61
2023-11-09,Memphis Grizzlies,Miami Heat,102,108,1.91,1.73
2023-11-09,Milwaukee Bucks,Detroit Pistons,,120,1.11,5.12
2023-11-09,Minnesota Timberwolves,New Orleans Pelicans,,122,1.21,3.63
2023-11-09,Oklahoma City Thunder,Cleveland Cavaliers,,128,1.96,1.69
2023-11-09,Brooklyn Nets,Los Angeles Clippers,,100,2.52,1.41
2023-11-09,New York Knicks,San Antonio Spurs,,126,1.21,3.63
2023-11-09,Charlotte Hornets,Washington Wizards,116,132,1.66,2.00
2023-11-09,Indiana Pacers,Utah Jazz,,134,1.38,2.63
2023-11-09,Philadelphia 76ers,Boston Celtics,76,106,2.03,1.64
2023-11-07,Denver Nuggets,New Orleans Pelicans,,134,1.33,2.81
2023-11-07,Chicago Bulls,Utah Jazz,,130,1.51,2.27
2023-11-07,Houston Rockets,Sacramento Kings,,122,1.97,1.67
2023-11-07,Minnesota Timberwolves,Boston Celtics,,114,2.16,1.56
2023-11-07,Oklahoma City Thunder,Atlanta Hawks,,126,1.75,1.85
2023-11-07,Brooklyn Nets,Milwaukee Bucks,125,129,2.40,1.46
2023-11-07,Miami Heat,Los Angeles Lakers,,108,1.73,1.91
2023-11-07,New York Knicks,Los Angeles Clippers,,111,1.72,1.93
2023-11-07,Detroit Pistons,Golden State Warriors,109,120,3.68,1.21
2023-11-07,Indiana Pacers,San Antonio Spurs,,152,1.21,3.60
2023-11-07,Orlando Magic,Dallas Mavericks,102,117,1.87,1.77
2023-11-07,Philadelphia 76ers,Washington Wizards,76,146,1.13,4.68
2023-11-06,Portland Trail Blazers,Memphis Grizzlies,100,112,2.13,1.58
2023-11-06,Dallas Mavericks,Charlotte Hornets,,124,1.13,4.40
2023-11-06,Cleveland Cavaliers,Golden State Warriors,,115,1.77,1.86
2023-11-05,San Antonio Spurs,Toronto Raptors,116,123,2.18,1.54
2023-11-05,Detroit Pistons,Phoenix Suns,106,120,2.12,1.58
2023-11-05,Denver Nuggets,Chicago Bulls,,123,1.19,3.53
2023-11-05,Brooklyn Nets,Boston Celtics,114,124,3.77,1.18
2023-11-05,Houston Rockets,Sacramento Kings,,107,2.01,1.61
2023-11-05,Minnesota Timberwolves,Utah Jazz,,123,1.25,3.13
2023-11-05,Indiana Pacers,Charlotte Hornets,124,125,1.40,2.48
2023-11-05,New Orleans Pelicans,Atlanta Hawks,105,123,1.63,1.97
2023-11-05,Orlando Magic,Los Angeles Lakers,,120,2.21,1.49
2023-11-04,Philadelphia 76ers,Phoenix Suns,76,112,1.33,2.69
2023-11-04,Denver Nuggets,Dallas Mavericks,,125,1.37,2.58
2023-11-04,Portland Trail Blazers,Memphis Grizzlies,,115,2.15,1.53
2023-11-04,Chicago Bulls,Brooklyn Nets,107,109,1.49,2.28
2023-11-04,Miami Heat,Washington Wizards,,121,1.21,3.53
2023-11-04,Oklahoma City Thunder,Golden State Warriors,139,141,2.67,1.34
2023-11-04,Milwaukee Bucks,New York Knicks,,110,1.40,2.48
2023-11-04,Indiana Pacers,Cleveland Cavaliers,,121,2.01,1.63
2023-11-03,Phoenix Suns,San Antonio Spurs,121,132,1.14,3.93
2023-11-03,Utah Jazz,Orlando Magic,113,115,1.85,1.69
2023-11-03,New Orleans Pelicans,Detroit Pistons,,125,1.43,2.30
2023-11-03,Philadelphia 76ers,Toronto Raptors,76,114,1.28,2.87
2023-11-02,Golden State Warriors,Sacramento Kings,,102,1.29,2.80
2023-11-02,Los Angeles Lakers,Los Angeles Clippers,,130,1.55,2.06
2023-11-02,Utah Jazz,Memphis Grizzlies,,133,1.66,1.90
2023-11-02,Dallas Mavericks,Chicago Bulls,,114,1.52,2.12
2023-11-02,Houston Rockets,Charlotte Hornets,,128,1.58,2.01
2023-11-02,Minnesota Timberwolves,Denver Nuggets,,110,1.93,1.62
2023-11-02,Atlanta Hawks,Washington Wizards,,130,1.18,3.51
2023-11-02,Boston Celtics,Indiana Pacers,,155,1.08,4.80
2023-11-02,Miami Heat,Brooklyn Nets,105,109,1.31,2.71
2023-11-02,New York Knicks,Cleveland Cavaliers,89,95,1.41,2.37
2023-11-02,Oklahoma City Thunder,New Orleans Pelicans,106,110,1.51,2.13
2023-11-02,Detroit Pistons,Portland Trail Blazers,101,110,1.56,2.05
2023-11-02,Toronto Raptors,Milwaukee Bucks,,130,2.22,1.46
2023-11-01,Los Angeles Clippers,Orlando Magic,,118,1.35,2.64
2023-11-01,Phoenix Suns,San Antonio Spurs,114,115,1.28,2.98
2023-11-01,Cleveland Cavaliers,New York Knicks,91,109,1.94,1.65
2023-10-31,Los Angeles Lakers,Orlando Magic,,106,1.48,2.18
2023-10-31,Denver Nuggets,Utah Jazz,,110,1.23,3.25
2023-10-31,Memphis Grizzlies,Dallas Mavericks,110,125,1.70,1.87
2023-10-31,Milwaukee Bucks,Miami Heat,,122,1.26,3.00
2023-10-31,New Orleans Pelicans,Golden State Warriors,102,130,1.62,2.02
2023-10-31,Oklahoma City Thunder,Detroit Pistons,,124,1.32,2.75
2023-10-31,Atlanta Hawks,Minnesota Timberwolves,,127,1.94,1.66
2023-10-31,Toronto Raptors,Portland Trail Blazers,91,99,1.20,3.53
2023-10-31,Charlotte Hornets,Brooklyn Nets,121,133,1.87,1.72
2023-10-31,Indiana Pacers,Chicago Bulls,105,112,1.55,2.11
2023-10-31,Washington Wizards,Boston Celtics,107,126,3.98,1.17
2023-10-30,Los Angeles Clippers,San Antonio Spurs,,123,1.21,3.43
2023-10-30,Sacramento Kings,Los Angeles Lakers,,132,1.64,1.96
2023-10-30,Philadelphia 76ers,Portland Trail Blazers,76,126,1.19,3.63
2023-10-30,Houston Rockets,Golden State Warriors,95,106,2.83,1.31
2023-10-30,Milwaukee Bucks,Atlanta Hawks,110,127,1.36,2.63
2023-10-29,Oklahoma City Thunder,Denver Nuggets,95,128,2.15,1.54
2023-10-29,Phoenix Suns,Utah Jazz,,126,1.39,2.50
2023-10-29,Minnesota Timberwolves,Miami Heat,,106,1.26,3.37
2023-10-29,Cleveland Cavaliers,Indiana Pacers,113,125,2.23,1.48
2023-10-29,Toronto Raptors,Philadelphia 76ers,107,114,2.46,1.41
2023-10-29,Detroit Pistons,Chicago Bulls,,118,1.98,1.59
2023-10-29,New Orleans Pelicans,New York Knicks,,96,1.59,2.04
2023-10-29,Washington Wizards,Memphis Grizzlies,,113,1.81,1.77
2023-10-28,Portland Trail Blazers,Orlando Magic,97,102,2.23,1.51
2023-10-28,Sacramento Kings,Golden State Warriors,114,122,1.58,2.10
2023-10-28,Utah Jazz,Los Angeles Clippers,,120,2.26,1.50
2023-10-28,Dallas Mavericks,Brooklyn Nets,,125,1.36,2.63
2023-10-28,Chicago Bulls,Toronto Raptors,,104,1.64,1.98
2023-10-28,San Antonio Spurs,Houston Rockets,,126,1.56,2.12
2023-10-28,Atlanta Hawks,New York Knicks,120,126,1.82,1.78
2023-10-28,Boston Celtics,Miami Heat,,119,1.24,3.32
2023-10-28,Cleveland Cavaliers,Oklahoma City Thunder,105,108,1.63,2.01
2023-10-28,Charlotte Hornets,Detroit Pistons,99,111,1.49,2.26
2023-10-28,Memphis Grizzlies,Denver Nuggets,104,108,2.52,1.40
2023-10-27,Los Angeles Lakers,Phoenix Suns,,100,1.35,2.77
2023-10-27,Milwaukee Bucks,Philadelphia 76ers,,118,1.36,2.73
2023-10-26,Los Angeles Clippers,Portland Trail Blazers,,123,1.20,3.77
2023-10-26,San Antonio Spurs,Dallas Mavericks,119,126,2.40,1.45
2023-10-26,Utah Jazz,Sacramento Kings,114,130,1.93,1.71
2023-10-26,Chicago Bulls,Oklahoma City Thunder,104,124,1.65,2.01
2023-10-26,Memphis Grizzlies,New Orleans Pelicans,104,111,1.77,1.85
2023-10-26,Brooklyn Nets,Cleveland Cavaliers,113,114,1.94,1.70
2023-10-26,Miami Heat,Detroit Pistons,,103,1.18,3.82
2023-10-26,Toronto Raptors,Minnesota Timberwolves,,97,1.78,1.84
2023-10-26,Charlotte Hornets,Atlanta Hawks,,116,2.29,1.50
2023-10-26,Indiana Pacers,Washington Wizards,,143,1.45,2.42
2023-10-26,New York Knicks,Boston Celtics,104,108,2.28,1.50
2023-10-26,Orlando Magic,Houston Rockets,,116,1.49,2.31
2023-10-25,Golden State Warriors,Phoenix Suns,104,108,1.66,2.10
2023-10-25,Denver Nuggets,Los Angeles Lakers,,119,1.45,2.49
